order_year,total_sales,state,country
2019,1465.5900022983551,Anhui,China
2019,3885.369969367981,Hebei,China
2019,2721.7700021266937,Henan,China
2019,2728.4600057601929,Hubei,China
2019,2504.2299993038177,Hunan,China
2019,1494.8200030326843,Jilin,China
2019,4349.35000705719,Fujian,China
2019,212.42999839782715,Hainan,China
2019,1717.6900072097778,Shanxi,China
2019,494.1300048828125,Yunnan,China
2019,5704.8900089263916,Beijing,China
2019,928.23000335693359,Guizhou,China
2019,3973.6299905776978,Jiangsu,China
2019,4035.0599856376648,Jiangxi,China
2019,379.36999893188477,Qinghai,China
2019,1567.8500118255615,Shaanxi,China
2019,2548.5900011062622,Sichuan,China
2019,1467.7700042724609,Tianjin,China
2019,2307.6300067901611,Liaoning,China
2019,3635.9600105285645,Shandong,China
2019,4566.1800103187561,Shanghai,China
2019,5724.620002746582,Zhejiang,China
2019,1066.4700002670288,Chongqing,China
2019,12832.820021629333,Guangdong,China
2019,1402.8999977111816,Heilongjiang,China
2019,527.02999782562256,Gansu province,China
2019,129.0,Remote territory,China
2019,708.00000953674316,Ningxia Hui Autonomous Region,China
2019,2079.5900011062622,Guangxi Zhuang Autonomous Region,China
2019,801.9799964427948,Inner Mongolia Autonomous Region,China
2019,676.64999961853027,Xinjiang Uygur Autonomous Region,China
2019,110.0,Aichi,Japan
2019,55.979999542236328,Chiba,Japan
2019,13.949999809265137,Gunma,Japan
2019,60.110000610351562,Hyogo,Japan
2019,441.47000503540039,Osaka,Japan
2019,2214.7200126647949,Tokyo,Japan
2019,127.8900032043457,Nagano,Japan
2019,58.979999542236328,Okayama,Japan
2019,1600.8299999237061,Saitama,Japan
2019,488.58000373840332,Kanagawa,Japan
2019,39.880001068115234,Shizuoka,Japan
2019,118.98999977111816,Fukushima,Japan
2019,25.0,Hiroshima,Japan
2019,73.9000015258789,Kagoshima,Japan
2019,393.48999786376953,Aragón,Spain
2019,187.95000076293945,Galicia,Spain
2019,25.0,Navarra,Spain
2019,460.19999504089355,Canarias,Spain
2019,25.0,Cantabria,Spain
2019,2345.2999973297119,Cataluña,Spain
2019,940.40000534057617,Andalucía,Spain
2019,243.63999938964844,Extremadura,Spain
2019,242.78999710083008,País Vasco,Spain
2019,586.72000122070312,Castilla y León,Spain
2019,622.64999771118164,Región de Murcia,Spain
2019,521.58999729156494,Castilla-La Mancha,Spain
2019,1004.5699987411499,Comunidad de Madrid,Spain
2019,1407.6199998855591,Comunidad Valenciana,Spain
2019,202.44000053405762,Principado de Asturias,Spain
2019,3628.1300053596497,Bahia,Brasil
2019,2155.0199975967407,Pará,Brasil
2019,196.2400016784668,Amapá,Brasil
2019,2195.0300073623657,Ceará,Brasil
2019,485.9799976348877,Goiás,Brasil
2019,252.17000007629395,Piauí,Brasil
2019,376.87999725341797,Alagoas,Brasil
2019,1052.1300106048584,Paraná,Brasil
2019,146.3799991607666,Sergipe,Brasil
2019,2103.6299991607666,Amazonas,Brasil
2019,239.38000011444092,Paraíba,Brasil
2019,1961.5899982452393,Maranhão,Brasil
2019,358.83999824523926,Rondônia,Brasil
2019,41.489999771118164,Tocantins,Brasil
2019,1173.4800043106079,Pernambuco,Brasil
2019,5257.0500068664551,São Paulo,Brasil
2019,504.34000492095947,Mato Grosso,Brasil
2019,3060.310004234314,Minas Gerais,Brasil
2019,1597.4700062274933,Rio de Janeiro,Brasil
2019,843.84000396728516,Santa Catarina,Brasil
2019,520.07999706268311,Espírito Santo,Brasil
2019,1389.7100024223328,Distrito Federal,Brasil
2019,1634.1200017929077,Rio Grande do Sul,Brasil
2019,1436.530011177063,Mato Grosso do Sul,Brasil
2019,433.99000549316406,Rio Grande do Norte,Brasil
2019,506.22999382019043,Bretagne,France
2019,516.560001373291,Grand Est,France
2019,659.26000213623047,Normandie,France
2019,935.48999786376953,Occitanie,France
2019,2691.5899868011475,Île-de-France,France
2019,301.41000843048096,Hauts-de-France,France
2019,1505.3100004196167,Pays de la Loire,France
2019,703.93000221252441,Nouvelle-Aquitaine,France
2019,491.47999954223633,Centre-Val de Loire,France
2019,1936.170006275177,Auvergne-Rhône-Alpes,France
2019,271.709997177124,Bourgogne-Franche-Comté,France
2019,590.19000244140625,Provence-Alpes-Côte d'Azur,France
2019,626.05999565124512,Lubuskie,Poland
2019,442.47000169754028,Dolnośląskie,Poland
2019,136.98999977111816,Brussels,Belgium
2019,1019.6300001144409,Flanders,Belgium
2019,701.480001449585,Wallonia,Belgium
2019,1793.4500064849854,Bayern,Germany
2019,455.51000022888184,Berlin,Germany
2019,75.0,Bremen,Germany
2019,821.38000297546387,Hessen,Germany
2019,198.38000106811523,Hamburg,Germany
2019,574.71000480651855,Sachsen,Germany
2019,471.8700008392334,Thüringen,Germany
2019,157.97000122070312,Brandenburg,Germany
2019,705.71000385284424,Niedersachsen,Germany
2019,604.36999893188477,Sachsen-Anhalt,Germany
2019,317.48999977111816,Rheinland-Pfalz,Germany
2019,1584.620001077652,Baden-Württemberg,Germany
2019,101.0,Schleswig-Holstein,Germany
2019,3969.3400120735168,Nordrhein-Westfalen,Germany
2019,428.54000473022461,Mecklenburg-Vorpommern,Germany
2019,168.4900016784668,Tasmania,Australia
2019,1927.5200037956238,Victoria,Australia
2019,419.75000143051147,Queensland,Australia
2019,1220.10999584198,New South Wales,Australia
2019,399.57000160217285,South Australia,Australia
2019,68.30999755859375,Western Australia,Australia
2019,825.3800048828125,Busan,South Korea
2019,5276.4400029182434,Seoul,South Korea
2019,533.11000061035156,Daejeon,South Korea
2019,69.919999122619629,Gwangju,South Korea
2019,80.0,Gangwon-do,South Korea
2019,4264.8300247192383,Gyeonggi-do,South Korea
2019,536.96999931335449,Jeollanam-do,South Korea
2019,198.8799991607666,Gyeongsangbuk-do,South Korea
2019,669.95000267028809,Gyeongsangnam-do,South Korea
2019,509.42999649047852,Chungcheongnam-do,South Korea
2019,202.78000259399414,Daegu Metropolitan City,South Korea
2019,224.45000076293945,Ulsan Metropolitan City,South Korea
2019,2140.1100025177,Incheon Metropolitan City,South Korea
2019,87.9900016784668,Jeju Special Self-Governing Province,South Korea
2019,118.94000148773193,Iowa,United States
2019,1714.7299957275391,Ohio,United States
2019,482.41000199317932,Utah,United States
2019,469.71000099182129,Idaho,United States
2019,5836.18000793457,Texas,United States
2019,111.57999801635741,Alaska,United States
2019,65.989999771118164,Hawaii,United States
2019,469.78999710083008,Kansas,United States
2019,1251.7400064468384,Nevada,United States
2019,620.30999755859375,Oregon,United States
2019,490.1200008392334,Alabama,United States
2019,1807.1299991607666,Arizona,United States
2019,6834.0199956893921,Florida,United States
2019,1392.6799926757812,Georgia,United States
2019,723.11999702453613,Indiana,United States
2019,120.88999652862547,Montana,United States
2019,388.97000122070312,Arkansas,United States
2019,888.89999961853027,Colorado,United States
2019,778.10000896453857,Delaware,United States
2019,2317.8900060653687,Illinois,United States
2019,864.87000465393066,Kentucky,United States
2019,785.63000011444092,Maryland,United States
2019,1369.5500173568726,Michigan,United States
2019,444.21000289916992,Missouri,United States
2019,15.0,Nebraska,United States
2019,4087.3999891281128,New York,United States
2019,1675.5799999237061,Virginia,United States
2019,383.42999744415283,Louisiana,United States
2019,547.04999923706055,Minnesota,United States
2019,491.30999946594238,Tennessee,United States
2019,586.11999416351318,Wisconsin,United States
2019,9257.389999628067,California,United States
2019,1765.97998046875,New Jersey,United States
2019,395.56999588012695,New Mexico,United States
2019,2020.8099966049194,Washington,United States
2019,315.0,Connecticut,United States
2019,139.61000061035156,Mississippi,United States
2019,743.930004119873,Pennsylvania,United States
2019,98.639999389648438,South Dakota,United States
2019,556.89999198913574,Massachusetts,United States
2019,59.5,New Hampshire,United States
2019,161.98000144958496,West Virginia,United States
2019,2691.0099973678589,North Carolina,United States
2019,300.37000274658203,South Carolina,United States
2019,125.0,District of Columbia,United States
2019,209.43000030517578,Wales,United Kingdom
2019,9765.4400355815887,England,United Kingdom
2019,437.8799991607666,Scotland,United Kingdom
2019,79.0,Northern Ireland,United Kingdom
2020,8855.05000782013,Anhui,China
2020,16305.050028085709,Hebei,China
2020,12178.180031776428,Henan,China
2020,10240.760015010834,Hubei,China
2020,13095.699982643127,Hunan,China
2020,4841.1600232124329,Jilin,China
2020,9171.6300106048584,Fujian,China
2020,1109.5300054550171,Hainan,China
2020,6789.1199927330017,Shanxi,China
2020,2424.1900150775909,Yunnan,China
2020,23301.120034456253,Beijing,China
2020,4657.3200073242188,Guizhou,China
2020,15174.4000146389,Jiangsu,China
2020,5602.9099979400635,Jiangxi,China
2020,474.29999542236328,Qinghai,China
2020,6944.3500308990479,Shaanxi,China
2020,12064.740015506744,Sichuan,China
2020,6227.2899918556213,Tianjin,China
2020,8610.48001408577,Liaoning,China
2020,8986.3800156116486,Shandong,China
2020,17189.950030326843,Shanghai,China
2020,18541.719982624054,Zhejiang,China
2020,3003.7600088119507,Chongqing,China
2020,49317.450135231018,Guangdong,China
2020,7489.4800000190735,Heilongjiang,China
2020,247.87000322341919,Bagmati region,China
2020,3441.49001121521,Gansu province,China
2020,149.55999755859375,Remote territory,China
2020,1791.3300046920776,Ningxia Hui Autonomous Region,China
2020,4636.4600143432617,Guangxi Zhuang Autonomous Region,China
2020,5203.9799971580505,Inner Mongolia Autonomous Region,China
2020,3435.0700120925903,Xinjiang Uygur Autonomous Region,China
2020,175.88000106811523,Gifu,Japan
2020,9.75,Oita,Japan
2020,407.05999946594238,Aichi,Japan
2020,1326.840000629425,Chiba,Japan
2020,78.0,Gunma,Japan
2020,1030.2999963760376,Hyogo,Japan
2020,381.97000122070312,Kyoto,Japan
2020,643.57000637054443,Osaka,Japan
2020,7114.4100151062012,Tokyo,Japan
2020,53.0,Aomori,Japan
2020,145.94000053405762,Miyagi,Japan
2020,277.55999755859375,Nagano,Japan
2020,356.95000171661377,Fukuoka,Japan
2020,267.48999977111816,Okayama,Japan
2020,29.700000762939453,Okinawa,Japan
2020,1631.7700061798096,Saitama,Japan
2020,11.979999542236328,Tochigi,Japan
2020,4544.6200127601624,Kanagawa,Japan
2020,16.989999771118164,Miyazaki,Japan
2020,797.87999534606934,Fukushima,Japan
2020,551.73001003265381,Hiroshima,Japan
2020,183.55000686645508,Kagoshima,Japan
2020,43.979999542236328,Ceuta,Spain
2020,1726.6599881649017,Aragón,Spain
2020,1382.8500003814697,Galicia,Spain
2020,1171.2500019073486,Navarra,Spain
2020,2542.0599985122681,Canarias,Spain
2020,107.68000030517578,La Rioja,Spain
2020,130.98000335693359,Cantabria,Spain
2020,6916.9099941253662,Cataluña,Spain
2020,3386.9600088596344,Andalucía,Spain
2020,686.28999900817871,Extremadura,Spain
2020,965.02999973297119,País Vasco,Spain
2020,996.920000076294,Islas Baleares,Spain
2020,1083.7899951934814,Castilla y León,Spain
2020,667.21999883651733,Región de Murcia,Spain
2020,1407.1300053596497,Castilla-La Mancha,Spain
2020,4942.2399854660034,Comunidad de Madrid,Spain
2020,5413.6200029850006,Comunidad Valenciana,Spain
2020,466.21999931335449,Principado de Asturias,Spain
2020,441.32999706268311,Acre,Brasil
2020,12956.949997425079,Bahia,Brasil
2020,12026.650037288666,Pará,Brasil
2020,1204.6000204086304,Amapá,Brasil
2020,7000.3700141906738,Ceará,Brasil
2020,1744.4700031280518,Goiás,Brasil
2020,810.73000526428223,Piauí,Brasil
2020,1200.5100078582764,Alagoas,Brasil
2020,5386.2700250148773,Paraná,Brasil
2020,242.16999816894531,Roraima,Brasil
2020,2032.9200000762939,Sergipe,Brasil
2020,6248.6299953460693,Amazonas,Brasil
2020,751.93999481201172,Paraíba,Brasil
2020,6297.2200207710266,Maranhão,Brasil
2020,1342.0400009155273,Rondônia,Brasil
2020,451.68000411987305,Tocantins,Brasil
2020,5571.8600044250488,Pernambuco,Brasil
2020,18630.980031251907,São Paulo,Brasil
2020,2540.6399955749512,Mato Grosso,Brasil
2020,11982.690025568008,Minas Gerais,Brasil
2020,8691.2100105285645,Rio de Janeiro,Brasil
2020,3061.8000040054321,Santa Catarina,Brasil
2020,898.96000385284424,Espírito Santo,Brasil
2020,3814.010000705719,Distrito Federal,Brasil
2020,4197.410005569458,Rio Grande do Sul,Brasil
2020,1412.7799825668335,Mato Grosso do Sul,Brasil
2020,2422.2299976348877,Rio Grande do Norte,Brasil
2020,36.9900016784668,Corse,France
2020,3237.539999961853,Bretagne,France
2020,3566.1000118255615,Grand Est,France
2020,1778.9900007247925,Normandie,France
2020,3096.6200132369995,Occitanie,France
2020,8756.93002986908,Île-de-France,France
2020,1500.7800054550171,Hauts-de-France,France
2020,2183.2200117111206,Pays de la Loire,France
2020,3209.5500049591064,Nouvelle-Aquitaine,France
2020,1217.1400032043457,Centre-Val de Loire,France
2020,8182.1199991703033,Auvergne-Rhône-Alpes,France
2020,2113.540002822876,Bourgogne-Franche-Comté,France
2020,3733.6800107955933,Provence-Alpes-Côte d'Azur,France
2020,640.05000114440918,Lubuskie,Poland
2020,1114.4300060272217,Dolnośląskie,Poland
2020,42.0,Zachodniopomorskie,Poland
2020,1284.68000125885,Brussels,Belgium
2020,5813.2200119495392,Flanders,Belgium
2020,3978.3099977970123,Wallonia,Belgium
2020,2145.2700037956238,Bayern,Germany
2020,2315.390007019043,Berlin,Germany
2020,280.29999542236328,Bremen,Germany
2020,2192.239999294281,Hessen,Germany
2020,448.2600040435791,Hamburg,Germany
2020,1007.6800088882446,Sachsen,Germany
2020,199.88999938964844,Saarland,Germany
2020,1144.3900060653687,Thüringen,Germany
2020,1322.8299975395203,Brandenburg,Germany
2020,2841.9300074577332,Niedersachsen,Germany
2020,945.73000240325928,Sachsen-Anhalt,Germany
2020,2070.3000049591064,Rheinland-Pfalz,Germany
2020,2658.3200092315674,Baden-Württemberg,Germany
2020,783.07999849319458,Schleswig-Holstein,Germany
2020,11217.320038080215,Nordrhein-Westfalen,Germany
2020,579.66999912261963,Mecklenburg-Vorpommern,Germany
2020,239.85000038146973,Tasmania,Australia
2020,3546.0199997425079,Victoria,Australia
2020,3064.2800140380859,Queensland,Australia
2020,6317.4999980926514,New South Wales,Australia
2020,1087.8700094223022,South Australia,Australia
2020,1949.2500040531158,Western Australia,Australia
2020,214.45000076293945,Northern Territory,Australia
2020,356.49000549316406,Australian Capital Territory,Australia
2020,3655.200008392334,Busan,South Korea
2020,13588.420018672943,Seoul,South Korea
2020,665.18999195098877,Daejeon,South Korea
2020,1005.2999992370605,Gwangju,South Korea
2020,570.47000312805176,Gangwon-do,South Korea
2020,18467.009988307953,Gyeonggi-do,South Korea
2020,274.95000076293945,Jeollabuk do,South Korea
2020,417.18000221252441,Jeollanam-do,South Korea
2020,1355.8099901676178,Gyeongsangbuk-do,South Korea
2020,960.02999114990234,Gyeongsangnam-do,South Korea
2020,1379.870002746582,Chungcheongnam-do,South Korea
2020,700.250002861023,Chung-cheong bukdo,South Korea
2020,3537.43000459671,Daegu Metropolitan City,South Korea
2020,979.63000392913818,Ulsan Metropolitan City,South Korea
2020,2281.7000072002411,Incheon Metropolitan City,South Korea
2020,219.67000102996826,Jeju Special Self-Governing Province,South Korea
2020,653.89000225067139,Iowa,United States
2020,5289.5499963760376,Ohio,United States
2020,1693.8500003814697,Utah,United States
2020,1051.6000080108643,Idaho,United States
2020,789.85000038146973,Maine,United States
2020,20405.490025758743,Texas,United States
2020,228.40999603271484,Alaska,United States
2020,690.07999801635742,Hawaii,United States
2020,848.38000011444092,Kansas,United States
2020,2747.1600050926208,Nevada,United States
2020,2365.2400009632111,Oregon,United States
2020,1653.1300058364868,Alabama,United States
2020,6988.3499946594238,Arizona,United States
2020,13267.040013313293,Florida,United States
2020,6518.3600060939789,Georgia,United States
2020,3210.0000009536743,Indiana,United States
2020,140.48999786376953,Montana,United States
2020,317.90000343322754,Vermont,United States
2020,292.29999923706055,Wyoming,United States
2020,1471.6200008392334,Arkansas,United States
2020,5247.0000057220459,Colorado,United States
2020,731.57999610900879,Delaware,United States
2020,8379.9999942779541,Illinois,United States
2020,1715.5399990081787,Kentucky,United States
2020,2454.689998626709,Maryland,United States
2020,4724.0700101852417,Michigan,United States
2020,2670.82999420166,Missouri,United States
2020,471.98999881744385,Nebraska,United States
2020,11826.79999256134,New York,United States
2020,1303.4599962234497,Oklahoma,United States
2020,6434.8700003623962,Virginia,United States
2020,2215.7200040817261,Louisiana,United States
2020,2371.8799934387207,Minnesota,United States
2020,5057.070013999939,Tennessee,United States
2020,3025.7499961853027,Wisconsin,United States
2020,26864.129996299744,California,United States
2020,4366.6100115776062,New Jersey,United States
2020,2081.9900016784668,New Mexico,United States
2020,4906.9599776268005,Washington,United States
2020,1566.9600067138672,Connecticut,United States
2020,1661.9300022125244,Mississippi,United States
2020,681.05999946594238,North Dakota,United States
2020,3534.7300100326538,Pennsylvania,United States
2020,600.23999977111816,Rhode Island,United States
2020,500.84999656677246,South Dakota,United States
2020,2008.339994430542,Massachusetts,United States
2020,163.59000396728516,New Hampshire,United States
2020,532.670000076294,West Virginia,United States
2020,5782.1600046157837,North Carolina,United States
2020,1773.240008354187,South Carolina,United States
2020,203.98999786376953,District of Columbia,United States
2020,1377.4499969482422,Wales,United Kingdom
2020,30472.170021057129,England,United Kingdom
2020,2690.4900035858154,Scotland,United Kingdom
2020,1037.9999980926514,Northern Ireland,United Kingdom
2021,616.66000461578369,Amazonas,Colombia
2021,15178.17999958992,Anhui,China
2021,33671.00997877121,Hebei,China
2021,24894.030026435852,Henan,China
2021,17161.310042142868,Hubei,China
2021,19508.060021400452,Hunan,China
2021,11258.979979038239,Jilin,China
2021,22111.620035409927,Fujian,China
2021,3044.4900074005127,Hainan,China
2021,13738.8100066185,Shanxi,China
2021,6929.5200207233429,Yunnan,China
2021,39793.660030126572,Beijing,China
2021,11733.120004177094,Guizhou,China
2021,36183.740054607391,Jiangsu,China
2021,12319.960015077144,Jiangxi,China
2021,1843.0700025558472,Qinghai,China
2021,12306.640037059784,Shaanxi,China
2021,23002.600034713745,Sichuan,China
2021,11778.240040063858,Tianjin,China
2021,16548.889982223511,Liaoning,China
2021,21887.789997577667,Shandong,China
2021,42454.740024089813,Shanghai,China
2021,35364.070044994354,Zhejiang,China
2021,10459.640016794205,Chongqing,China
2021,89756.520164012909,Guangdong,China
2021,12186.330051422119,Heilongjiang,China
2021,471.9600088596344,Bagmati region,China
2021,4668.6099834442139,Gansu province,China
2021,680.06999969482422,Remote territory,China
2021,2199.0500106811523,Ningxia Hui Autonomous Region,China
2021,8768.5999765396118,Guangxi Zhuang Autonomous Region,China
2021,9600.5900101661682,Inner Mongolia Autonomous Region,China
2021,6668.3300204277039,Xinjiang Uygur Autonomous Region,China
2021,165.0,Nara,Japan
2021,253.32999420166016,Oita,Japan
2021,262.90000152587891,Aichi,Japan
2021,3051.6300020217896,Chiba,Japan
2021,83.089998245239258,Gunma,Japan
2021,1585.5199995040894,Hyogo,Japan
2021,9.8000001907348633,Kochi,Japan
2021,584.480001449585,Kyoto,Japan
2021,1005.3500099182129,Osaka,Japan
2021,17073.540017843246,Tokyo,Japan
2021,36.510000228881836,Aomori,Japan
2021,523.38999938964844,Miyagi,Japan
2021,150.67000198364258,Nagano,Japan
2021,957.790002822876,Fukuoka,Japan
2021,60.0,Ibaraki,Japan
2021,431.87999725341797,Okayama,Japan
2021,381.90999984741211,Okinawa,Japan
2021,3358.2900104522705,Saitama,Japan
2021,636.97999954223633,Hokkaido,Japan
2021,5610.420013666153,Kanagawa,Japan
2021,352.239990234375,Kumamoto,Japan
2021,387.22000122070312,Miyazaki,Japan
2021,559.83999824523926,Shizuoka,Japan
2021,837.75,Fukushima,Japan
2021,642.92000579833984,Hiroshima,Japan
2021,65.0,Kagoshima,Japan
2021,108.96999931335449,Yamaguchi,Japan
2021,153.9300012588501,Ceuta,Spain
2021,1527.640007019043,Aragón,Spain
2021,1624.2800102233887,Galicia,Spain
2021,21.0,Melilla,Spain
2021,1015.7500123977661,Navarra,Spain
2021,2095.1900033950806,Canarias,Spain
2021,1246.1899976730347,La Rioja,Spain
2021,440.74999904632568,Cantabria,Spain
2021,15065.590031385422,Cataluña,Spain
2021,13921.920002937317,Andalucía,Spain
2021,527.52999687194824,Extremadura,Spain
2021,2992.430016040802,País Vasco,Spain
2021,3148.8599996566772,Islas Baleares,Spain
2021,2048.9800081253052,Castilla y León,Spain
2021,2101.32000541687,Región de Murcia,Spain
2021,3987.0600147247314,Castilla-La Mancha,Spain
2021,10592.760016441345,Comunidad de Madrid,Spain
2021,10711.929980278015,Comunidad Valenciana,Spain
2021,1484.7200059890747,Principado de Asturias,Spain
2021,927.439998626709,Acre,Brasil
2021,24978.230016231537,Bahia,Brasil
2021,20648.000092029572,Pará,Brasil
2021,1054.7400016784668,Amapá,Brasil
2021,14353.779993891716,Ceará,Brasil
2021,7762.7200245857239,Goiás,Brasil
2021,3116.19002532959,Piauí,Brasil
2021,2698.0099802017212,Alagoas,Brasil
2021,11875.67001748085,Paraná,Brasil
2021,399.85999965667725,Roraima,Brasil
2021,3198.8699922561646,Sergipe,Brasil
2021,10854.200029373169,Amazonas,Brasil
2021,2418.8700132369995,Paraíba,Brasil
2021,13647.270005464554,Maranhão,Brasil
2021,1623.8900060653687,Rondônia,Brasil
2021,579.34000778198242,Tocantins,Brasil
2021,11848.370010375977,Pernambuco,Brasil
2021,33401.190045833588,São Paulo,Brasil
2021,5977.0600061416626,Mato Grosso,Brasil
2021,30365.170039415359,Minas Gerais,Brasil
2021,12309.440022468567,Rio de Janeiro,Brasil
2021,6083.5300059318542,Santa Catarina,Brasil
2021,1412.4099988937378,Espírito Santo,Brasil
2021,7428.5600204467773,Distrito Federal,Brasil
2021,11451.43005490303,Rio Grande do Sul,Brasil
2021,1336.8499946594238,Mato Grosso do Sul,Brasil
2021,3787.2400097846985,Rio Grande do Norte,Brasil
2021,195.30999565124512,Corse,France
2021,4236.0899815559387,Bretagne,France
2021,3162.2499961853027,Grand Est,France
2021,2518.1499934196472,Normandie,France
2021,7156.6399898529053,Occitanie,France
2021,21979.030042171478,Île-de-France,France
2021,7808.2100286483765,Hauts-de-France,France
2021,5366.5799949169159,Pays de la Loire,France
2021,5795.4900093078613,Nouvelle-Aquitaine,France
2021,3226.5000028610229,Centre-Val de Loire,France
2021,10662.63000535965,Auvergne-Rhône-Alpes,France
2021,2403.16001701355,Bourgogne-Franche-Comté,France
2021,7689.6300330162048,Provence-Alpes-Côte d'Azur,France
2021,1562.0500030517578,Lubuskie,Poland
2021,990.3300085067749,Dolnośląskie,Poland
2021,85.969999313354492,Zachodniopomorskie,Poland
2021,2985.7899951934814,Brussels,Belgium
2021,12132.910014152527,Flanders,Belgium
2021,8108.9199986457825,Wallonia,Belgium
2021,8168.34000825882,Bayern,Germany
2021,4202.4800157547,Berlin,Germany
2021,666.45999526977539,Bremen,Germany
2021,6394.7200241088867,Hessen,Germany
2021,1815.0300092697144,Hamburg,Germany
2021,2494.7300012111664,Sachsen,Germany
2021,420.98999786376953,Saarland,Germany
2021,1512.9799966812134,Thüringen,Germany
2021,2133.8700029850006,Brandenburg,Germany
2021,6767.8300051689148,Niedersachsen,Germany
2021,1789.0900065898895,Sachsen-Anhalt,Germany
2021,1763.0199995040894,Rheinland-Pfalz,Germany
2021,8046.1300191879272,Baden-Württemberg,Germany
2021,1412.9500019550323,Schleswig-Holstein,Germany
2021,23460.600056171417,Nordrhein-Westfalen,Germany
2021,768.93000602722168,Mecklenburg-Vorpommern,Germany
2021,481.56000518798828,Tasmania,Australia
2021,9979.0499947071075,Victoria,Australia
2021,5672.740002155304,Queensland,Australia
2021,12324.889998435974,New South Wales,Australia
2021,3119.0700159072876,South Australia,Australia
2021,3122.0400094985962,Western Australia,Australia
2021,163.93999862670898,Northern Territory,Australia
2021,701.050000667572,Australian Capital Territory,Australia
2021,5169.4000091552734,Busan,South Korea
2021,26141.62006187439,Seoul,South Korea
2021,1092.0700025558472,Daejeon,South Korea
2021,955.26999282836914,Gwangju,South Korea
2021,1145.8800077438354,Gangwon-do,South Korea
2021,32353.820005655289,Gyeonggi-do,South Korea
2021,291.64000129699707,Jeollabuk do,South Korea
2021,1360.6800057888031,Jeollanam-do,South Korea
2021,1074.3900055885315,Gyeongsangbuk-do,South Korea
2021,2578.9199981689453,Gyeongsangnam-do,South Korea
2021,2390.0100030899048,Chungcheongnam-do,South Korea
2021,983.6400089263916,Chung-cheong bukdo,South Korea
2021,4700.45999121666,Daegu Metropolitan City,South Korea
2021,883.67999172210693,Ulsan Metropolitan City,South Korea
2021,7133.7799880504608,Incheon Metropolitan City,South Korea
2021,375.4499979019165,Jeju Special Self-Governing Province,South Korea
2021,1541.4900016784668,Iowa,United States
2021,10146.339993476868,Ohio,United States
2021,5366.9300098419189,Utah,United States
2021,1568.2600059509277,Idaho,United States
2021,145.48999977111816,Maine,United States
2021,39344.230025529861,Texas,United States
2021,369.45999622344971,Alaska,United States
2021,1957.9000053405762,Hawaii,United States
2021,1077.160005569458,Kansas,United States
2021,5403.9800329208374,Nevada,United States
2021,7593.3900260925293,Oregon,United States
2021,2581.6200108528137,Alabama,United States
2021,11857.60000038147,Arizona,United States
2021,23784.160083770752,Florida,United States
2021,15429.650012969971,Georgia,United States
2021,5693.0699956417084,Indiana,United States
2021,977.649995803833,Montana,United States
2021,74.9900016784668,Vermont,United States
2021,547.790002822876,Wyoming,United States
2021,2010.0500020980835,Arkansas,United States
2021,8060.3500208854675,Colorado,United States
2021,962.63999271392822,Delaware,United States
2021,16240.930008411407,Illinois,United States
2021,2288.2800188064575,Kentucky,United States
2021,6081.5800037384033,Maryland,United States
2021,7314.6800208091736,Michigan,United States
2021,3562.6100091934204,Missouri,United States
2021,711.11000061035156,Nebraska,United States
2021,25396.470014095306,New York,United States
2021,3134.4500064849854,Oklahoma,United States
2021,11129.520003318787,Virginia,United States
2021,5073.2399964332581,Louisiana,United States
2021,4323.4400196075439,Minnesota,United States
2021,7067.4600193500519,Tennessee,United States
2021,4811.1600019931793,Wisconsin,United States
2021,65396.3600165844,California,United States
2021,9091.5000088214874,New Jersey,United States
2021,3271.9399967193604,New Mexico,United States
2021,8201.3100152015686,Washington,United States
2021,5409.91997718811,Connecticut,United States
2021,3079.7200059890747,Mississippi,United States
2021,387.4799919128418,North Dakota,United States
2021,13391.640021324158,Pennsylvania,United States
2021,732.220002412796,Rhode Island,United States
2021,258.289999961853,South Dakota,United States
2021,7029.84001493454,Massachusetts,United States
2021,1117.7500057220459,New Hampshire,United States
2021,233.10000705718994,West Virginia,United States
2021,11253.620003700256,North Carolina,United States
2021,4821.1300044059753,South Carolina,United States
2021,925.800000667572,District of Columbia,United States
2021,2288.560001373291,Wales,United Kingdom
2021,67633.390070199966,England,United Kingdom
2021,4805.4400033950806,Scotland,United Kingdom
2021,2437.3200092315674,Northern Ireland,United Kingdom
2022,137.94000244140625,Amazonas,Colombia
2022,354.94999694824219,Vorarlberg,Austria
2022,144.97999954223633,País Vasco,España
2022,428.92000102996826,Nordrhein-Westfalen,Deutschland
2022,28287.960021734238,Anhui,China
2022,57877.95006108284,Hebei,China
2022,42476.050025701523,Henan,China
2022,28557.96001958847,Hubei,China
2022,35470.680116176605,Hunan,China
2022,21097.610042333603,Jilin,China
2022,42635.410036802292,Fujian,China
2022,4858.2400059700012,Hainan,China
2022,20412.47003364563,Shanxi,China
2022,10583.640053510666,Yunnan,China
2022,58956.470073699951,Beijing,China
2022,15916.530070543289,Guizhou,China
2022,52621.309998989105,Jiangsu,China
2022,24612.469999313354,Jiangxi,China
2022,3324.3000116348267,Qinghai,China
2022,22239.61009979248,Shaanxi,China
2022,36933.579981803894,Sichuan,China
2022,21229.530037403107,Tianjin,China
2022,26400.899991035461,Liaoning,China
2022,36644.7301132679,Shandong,China
2022,77525.96005988121,Shanghai,China
2022,62917.109993934631,Zhejiang,China
2022,16047.26003074646,Chongqing,China
2022,152484.55027246475,Guangdong,China
2022,22463.349999666214,Heilongjiang,China
2022,1284.2899956703186,Bagmati region,China
2022,10879.330023765564,Gansu province,China
2022,1023.6700000762939,Remote territory,China
2022,7913.39000749588,Ningxia Hui Autonomous Region,China
2022,16876.960023403168,Guangxi Zhuang Autonomous Region,China
2022,18134.180011749268,Inner Mongolia Autonomous Region,China
2022,13185.729995727539,Xinjiang Uygur Autonomous Region,China
2022,339.939998626709,Gifu,Japan
2022,416.97999954223633,Oita,Japan
2022,1751.5100030899048,Aichi,Japan
2022,288.42000579833984,Akita,Japan
2022,6713.4600055217743,Chiba,Japan
2022,412.520001411438,Gunma,Japan
2022,3607.8600158691406,Hyogo,Japan
2022,619.78999614715576,Kyoto,Japan
2022,3441.4000034332275,Osaka,Japan
2022,198.84000205993652,Shiga,Japan
2022,29280.170027494431,Tokyo,Japan
2022,42.0,Aomori,Japan
2022,73.0999984741211,Kagawa,Japan
2022,554.46999740600586,Miyagi,Japan
2022,342.21000480651855,Nagano,Japan
2022,1276.980001449585,Fukuoka,Japan
2022,131.42000198364258,Ibaraki,Japan
2022,188.84000205993652,Okayama,Japan
2022,399.89999961853027,Okinawa,Japan
2022,7276.9800300598145,Saitama,Japan
2022,168.40000152587891,Tochigi,Japan
2022,1150.9000024795532,Hokkaido,Japan
2022,10768.700008630753,Kanagawa,Japan
2022,615.40000152587891,Kumamoto,Japan
2022,203.5,Miyazaki,Japan
2022,1318.5100021362305,Shizuoka,Japan
2022,330.32999992370605,Fukushima,Japan
2022,1308.5099983215332,Hiroshima,Japan
2022,313.5,Kagoshima,Japan
2022,164.93000030517578,Yamaguchi,Japan
2022,9.9899997711181641,Ceuta,Spain
2022,2714.1200113296509,Aragón,Spain
2022,2547.1300106048584,Galicia,Spain
2022,409.94000244140625,Melilla,Spain
2022,994.07999229431152,Navarra,Spain
2022,2687.8500089645386,Canarias,Spain
2022,1128.8400020599365,La Rioja,Spain
2022,999.7299976348877,Cantabria,Spain
2022,21914.5000166893,Cataluña,Spain
2022,22772.600011587143,Andalucía,Spain
2022,2045.1100082397461,Extremadura,Spain
2022,5655.370002746582,País Vasco,Spain
2022,4071.5600061416626,Islas Baleares,Spain
2022,4075.1899976730347,Castilla y León,Spain
2022,3407.0900068283081,Región de Murcia,Spain
2022,4360.4900102615356,Castilla-La Mancha,Spain
2022,60.0,Nouvelle-Aquitaine,Spain
2022,20052.679991722107,Comunidad de Madrid,Spain
2022,18596.069994211197,Comunidad Valenciana,Spain
2022,1614.350001335144,Principado de Asturias,Spain
2022,967.0100040435791,Acre,Brasil
2022,42808.430041074753,Bahia,Brasil
2022,33530.150016546249,Pará,Brasil
2022,2427.5700016021729,Amapá,Brasil
2022,26286.240027427673,Ceará,Brasil
2022,8528.7000169754028,Goiás,Brasil
2022,4806.7299966812134,Piauí,Brasil
2022,4408.8600142002106,Alagoas,Brasil
2022,16248.089992523193,Paraná,Brasil
2022,691.57999610900879,Roraima,Brasil
2022,6733.0600233078,Sergipe,Brasil
2022,15811.129999160767,Amazonas,Brasil
2022,3063.9000127315521,Paraíba,Brasil
2022,31597.639996051788,Maranhão,Brasil
2022,2917.1599884033203,Rondônia,Brasil
2022,1243.5899972915649,Tocantins,Brasil
2022,19258.789999246597,Pernambuco,Brasil
2022,66588.009992361069,São Paulo,Brasil
2022,9203.8899898529053,Mato Grosso,Brasil
2022,49852.199966192245,Minas Gerais,Brasil
2022,27454.250042915344,Rio de Janeiro,Brasil
2022,10225.419967651367,Santa Catarina,Brasil
2022,5590.0300054550171,Espírito Santo,Brasil
2022,12291.229980707169,Distrito Federal,Brasil
2022,20042.53003692627,Rio Grande do Sul,Brasil
2022,4986.7200155258179,Mato Grosso do Sul,Brasil
2022,4528.8299913406372,Rio Grande do Norte,Brasil
2022,515.59999847412109,Corse,France
2022,5359.640007019043,Bretagne,France
2022,8808.710036277771,Grand Est,France
2022,6872.2100086212158,Normandie,France
2022,13787.829985618591,Occitanie,France
2022,35158.419983386993,Île-de-France,France
2022,9679.6300239562988,Hauts-de-France,France
2022,11386.440011978149,Pays de la Loire,France
2022,13041.100021362305,Nouvelle-Aquitaine,France
2022,7344.8000020980835,Centre-Val de Loire,France
2022,15790.040004968643,Auvergne-Rhône-Alpes,France
2022,4866.3199980258942,Bourgogne-Franche-Comté,France
2022,12965.060032606125,Provence-Alpes-Côte d'Azur,France
2022,1246.6000003814697,Lubuskie,Poland
2022,3339.3499929904938,Dolnośląskie,Poland
2022,511.96999645233154,Zachodniopomorskie,Poland
2022,4153.9099950790405,Brussels,Belgium
2022,16006.400015830994,Flanders,Belgium
2022,10536.069994449615,Wallonia,Belgium
2022,12002.840008735657,Bayern,Germany
2022,6219.8400003910065,Berlin,Germany
2022,1650.7800045013428,Bremen,Germany
2022,9601.5400111675262,Hessen,Germany
2022,4236.8699922561646,Hamburg,Germany
2022,4495.9800009727478,Sachsen,Germany
2022,1230.4100008010864,Saarland,Germany
2022,2951.2800006866455,Thüringen,Germany
2022,2695.4700121879578,Brandenburg,Germany
2022,13046.670012712479,Niedersachsen,Germany
2022,2856.8000164031982,Sachsen-Anhalt,Germany
2022,5808.3399980068207,Rheinland-Pfalz,Germany
2022,13373.340008735657,Baden-Württemberg,Germany
2022,5773.0899987220764,Schleswig-Holstein,Germany
2022,39442.04002404213,Nordrhein-Westfalen,Germany
2022,1969.4999933242798,Mecklenburg-Vorpommern,Germany
2022,1032.3999996185303,Tasmania,Australia
2022,18829.580005407333,Victoria,Australia
2022,14491.899985551834,Queensland,Australia
2022,22458.369998931885,New South Wales,Australia
2022,4349.8199996948242,South Australia,Australia
2022,5133.8400001525879,Western Australia,Australia
2022,580.65999984741211,Northern Territory,Australia
2022,796.55000114440918,Australian Capital Territory,Australia
2022,13395.640058040619,Busan,South Korea
2022,43906.600032091141,Seoul,South Korea
2022,3874.6099961996078,Daejeon,South Korea
2022,1495.0199947357178,Gwangju,South Korea
2022,1675.28000664711,Gangwon-do,South Korea
2022,51775.73996925354,Gyeonggi-do,South Korea
2022,1593.3400049209595,Jeollabuk do,South Korea
2022,2002.9500026702881,Jeollanam-do,South Korea
2022,1995.5800008773804,Gyeongsangbuk-do,South Korea
2022,4593.2100048065186,Gyeongsangnam-do,South Korea
2022,4542.3899984359741,Chungcheongnam-do,South Korea
2022,3997.67999458313,Chung-cheong bukdo,South Korea
2022,7532.6200313568115,Daegu Metropolitan City,South Korea
2022,2757.8100023269653,Ulsan Metropolitan City,South Korea
2022,12673.110026359558,Incheon Metropolitan City,South Korea
2022,1090.2199954986572,Jeju Special Self-Governing Province,South Korea
2022,3097.1400187015533,Iowa,United States
2022,19456.2900557518,Ohio,United States
2022,7555.9799957275391,Utah,United States
2022,5607.75001335144,Idaho,United States
2022,1316.0899963378906,Maine,United States
2022,79801.680176258087,Texas,United States
2022,987.12000346183777,Alaska,United States
2022,3750.6900005340576,Hawaii,United States
2022,2987.240008354187,Kansas,United States
2022,12476.400020599365,Nevada,United States
2022,7012.6699860095978,Oregon,United States
2022,4812.2999811172485,Alabama,United States
2022,19658.130055904388,Arizona,United States
2022,49385.50003361702,Florida,United States
2022,24201.2900288105,Georgia,United States
2022,10304.670004367828,Indiana,United States
2022,1728.3999996185303,Montana,United States
2022,324.0,Vermont,United States
2022,410.76999759674072,Wyoming,United States
2022,4021.8900299072266,Arkansas,United States
2022,11881.410032272339,Colorado,United States
2022,1830.4600048065186,Delaware,United States
2022,30095.459997653961,Illinois,United States
2022,7520.259997844696,Kentucky,United States
2022,12068.130037784576,Maryland,United States
2022,14641.470026016235,Michigan,United States
2022,7596.1199970245361,Missouri,United States
2022,1442.2500030994415,Nebraska,United States
2022,36786.270071268082,New York,United States
2022,5063.7000024318695,Oklahoma,United States
2022,19947.190010309219,Virginia,United States
2022,4942.4400043487549,Louisiana,United States
2022,8026.8700132369995,Minnesota,United States
2022,9462.3999893665314,Tennessee,United States
2022,10178.400021791458,Wisconsin,United States
2022,105690.7501449585,California,United States
2022,19026.9900097847,New Jersey,United States
2022,5057.3299980163574,New Mexico,United States
2022,16290.530037403107,Washington,United States
2022,8267.4400177001953,Connecticut,United States
2022,2106.400016784668,Mississippi,United States
2022,811.01999950408936,North Dakota,United States
2022,16622.779994010925,Pennsylvania,United States
2022,1910.0,Rhode Island,United States
2022,1585.1700034141541,South Dakota,United States
2022,7781.9099903106689,Massachusetts,United States
2022,796.98000431060791,New Hampshire,United States
2022,1229.89000415802,West Virginia,United States
2022,25262.00003027916,North Carolina,United States
2022,7244.6599855422974,South Carolina,United States
2022,1895.9699966907501,District of Columbia,United States
2022,5336.5300130844116,Wales,United Kingdom
2022,117644.36004519463,England,United Kingdom
2022,8237.7199993133545,Scotland,United Kingdom
2022,2456.7300033569336,Northern Ireland,United Kingdom
2023,730.86001968383789,Amazonas,Colombia
2023,99.989997863769517,Vorarlberg,Austria
2023,77.8700008392334,País Vasco,España
2023,30.200000762939453,Nordrhein-Westfalen,Deutschland
2023,37021.3499751091,Anhui,China
2023,106251.45009636879,Hebei,China
2023,75590.0500702858,Henan,China
2023,64749.860003948212,Hubei,China
2023,65647.860096693039,Hunan,China
2023,40457.230016708374,Jilin,China
2023,67524.980082273483,Fujian,China
2023,7945.2599940299988,Hainan,China
2023,38191.51998758316,Shanxi,China
2023,20759.27001285553,Yunnan,China
2023,111455.00004696846,Beijing,China
2023,29012.970011949539,Guizhou,China
2023,101636.69008088112,Jiangsu,China
2023,37097.840013027191,Jiangxi,China
2023,5668.280011177063,Qinghai,China
2023,40589.060036659241,Shaanxi,China
2023,57129.200053691864,Sichuan,China
2023,35740.220103740692,Tianjin,China
2023,53317.500062704086,Liaoning,China
2023,62404.450057268143,Shandong,China
2023,124613.20010042191,Shanghai,China
2023,106362.37005865574,Zhejiang,China
2023,21467.829975605011,Chongqing,China
2023,276924.170276165,Guangdong,China
2023,39623.840049266815,Heilongjiang,China
2023,851.6100025177002,Bagmati region,China
2023,20304.309992313385,Gansu province,China
2023,1309.5500020980835,Remote territory,China
2023,7686.350001335144,Ningxia Hui Autonomous Region,China
2023,26989.760057449341,Guangxi Zhuang Autonomous Region,China
2023,30962.180031299591,Inner Mongolia Autonomous Region,China
2023,26680.830040454865,Xinjiang Uygur Autonomous Region,China
2023,61.969999313354492,Mie,Japan
2023,182.93999671936035,Gifu,Japan
2023,433.06999397277832,Nara,Japan
2023,1475.9800019264221,Oita,Japan
2023,2035.7700033187866,Aichi,Japan
2023,179.99000549316406,Akita,Japan
2023,6906.3699927330017,Chiba,Japan
2023,1117.9100027084351,Gunma,Japan
2023,2665.9000010490417,Hyogo,Japan
2023,25.0,Iwate,Japan
2023,1431.2900066375732,Kyoto,Japan
2023,5211.8200097084045,Osaka,Japan
2023,78.0,Shiga,Japan
2023,64747.87007188797,Tokyo,Japan
2023,306.89000129699707,Aomori,Japan
2023,648.44999885559082,Kagawa,Japan
2023,1075.7600059509277,Miyagi,Japan
2023,460.71999740600586,Nagano,Japan
2023,1590.1399919986725,Fukuoka,Japan
2023,402.820006608963,Ibaraki,Japan
2023,566.01000308990479,Okayama,Japan
2023,241.94000625610352,Okinawa,Japan
2023,10518.010030031204,Saitama,Japan
2023,239.9900016784668,Shimane,Japan
2023,423.94000053405762,Tochigi,Japan
2023,365.82000350952148,Hokkaido,Japan
2023,21195.530022621155,Kanagawa,Japan
2023,352.9900016784668,Kumamoto,Japan
2023,433.70000267028809,Miyazaki,Japan
2023,106.95000076293945,Nagasaki,Japan
2023,1535.6499862670898,Shizuoka,Japan
2023,962.89999961853027,Fukushima,Japan
2023,1769.0900096893311,Hiroshima,Japan
2023,38.659999847412109,Kagoshima,Japan
2023,464.14999771118164,Yamaguchi,Japan
2023,147.9900016784668,Ceuta,Spain
2023,5880.74001455307,Aragón,Spain
2023,5914.0800170898438,Galicia,Spain
2023,2130.4899883270264,Navarra,Spain
2023,6495.1699800491333,Canarias,Spain
2023,1340.0600032806396,La Rioja,Spain
2023,508.57000160217285,Cantabria,Spain
2023,36414.860078811646,Cataluña,Spain
2023,41716.139980793,Andalucía,Spain
2023,4078.0600204467773,Extremadura,Spain
2023,9466.5900156497955,País Vasco,Spain
2023,7370.9100127220154,Islas Baleares,Spain
2023,8322.6400084495544,Castilla y León,Spain
2023,7353.119993686676,Región de Murcia,Spain
2023,5626.8500061035156,Castilla-La Mancha,Spain
2023,37136.490120887756,Comunidad de Madrid,Spain
2023,21304.189995527267,Comunidad Valenciana,Spain
2023,1735.390007019043,Principado de Asturias,Spain
2023,2730.7600150108337,Acre,Brasil
2023,75957.47011256218,Bahia,Brasil
2023,61329.970144033432,Pará,Brasil
2023,4482.990002155304,Amapá,Brasil
2023,51392.2500910759,Ceará,Brasil
2023,20565.250032424927,Goiás,Brasil
2023,9993.2699947357178,Piauí,Brasil
2023,10090.870002269745,Alagoas,Brasil
2023,26529.720011949539,Paraná,Brasil
2023,536.1100025177002,Roraima,Brasil
2023,8859.5700063705444,Sergipe,Brasil
2023,29061.080017089844,Amazonas,Brasil
2023,6668.4700040817261,Paraíba,Brasil
2023,51249.170148611069,Maranhão,Brasil
2023,9528.4200015068054,Rondônia,Brasil
2023,4610.8000049591064,Tocantins,Brasil
2023,34792.390052556992,Pernambuco,Brasil
2023,121733.82017922401,São Paulo,Brasil
2023,17481.36003780365,Mato Grosso,Brasil
2023,75090.830109596252,Minas Gerais,Brasil
2023,41988.780038833618,Rio de Janeiro,Brasil
2023,20621.729979991913,Santa Catarina,Brasil
2023,9974.5699925422668,Espírito Santo,Brasil
2023,23950.310065031052,Distrito Federal,Brasil
2023,33178.530029296875,Rio Grande do Sul,Brasil
2023,5875.24001789093,Mato Grosso do Sul,Brasil
2023,11406.770014762878,Rio Grande do Norte,Brasil
2023,1651.9700078964233,Corse,France
2023,14589.990037679672,Bretagne,France
2023,15456.140003204346,Grand Est,France
2023,10647.230020046234,Normandie,France
2023,22585.400020122528,Occitanie,France
2023,56162.960052728653,Île-de-France,France
2023,17864.560015678406,Hauts-de-France,France
2023,14941.230018615723,Pays de la Loire,France
2023,19573.850040435791,Nouvelle-Aquitaine,France
2023,7086.53999042511,Centre-Val de Loire,France
2023,28646.060008525848,Auvergne-Rhône-Alpes,France
2023,6424.7300138473511,Bourgogne-Franche-Comté,France
2023,19863.130028247833,Provence-Alpes-Côte d'Azur,France
2023,4486.200005531311,Lubuskie,Poland
2023,5285.8400239944458,Dolnośląskie,Poland
2023,1201.5499897003174,Zachodniopomorskie,Poland
2023,5660.5600109100342,Brussels,Belgium
2023,33737.860046863556,Flanders,Belgium
2023,18051.980008840561,Wallonia,Belgium
2023,22997.540019035339,Bayern,Germany
2023,11068.540038108826,Berlin,Germany
2023,2102.7500109672546,Bremen,Germany
2023,15404.360033988953,Hessen,Germany
2023,8834.8300065994263,Hamburg,Germany
2023,7353.7999982833862,Sachsen,Germany
2023,3532.1400241851807,Saarland,Germany
2023,3883.7000260353088,Thüringen,Germany
2023,7992.3199999332428,Brandenburg,Germany
2023,17082.270017147064,Niedersachsen,Germany
2023,5665.2399871349335,Sachsen-Anhalt,Germany
2023,7014.9900054931641,Rheinland-Pfalz,Germany
2023,29346.050059318542,Baden-Württemberg,Germany
2023,6221.8700239658356,Schleswig-Holstein,Germany
2023,67116.690039873123,Nordrhein-Westfalen,Germany
2023,1675.2699928283691,Mecklenburg-Vorpommern,Germany
2023,1822.4600172042847,Tasmania,Australia
2023,23962.570041656494,Victoria,Australia
2023,19691.760046720505,Queensland,Australia
2023,37669.349961280823,New South Wales,Australia
2023,7111.3300323486328,South Australia,Australia
2023,11036.530030727386,Western Australia,Australia
2023,388.42999649047852,Northern Territory,Australia
2023,1255.4100093841553,Australian Capital Territory,Australia
2023,21528.530015468597,Busan,South Korea
2023,73209.720069646835,Seoul,South Korea
2023,6501.0899908542633,Daejeon,South Korea
2023,7226.9300403594971,Gwangju,South Korea
2023,4498.3300046920776,Gangwon-do,South Korea
2023,97173.020112276077,Gyeonggi-do,South Korea
2023,1842.9200139045715,Jeollabuk do,South Korea
2023,2970.460001707077,Jeollanam-do,South Korea
2023,3623.4000272750854,Gyeongsangbuk-do,South Korea
2023,6331.1900005340576,Gyeongsangnam-do,South Korea
2023,7424.8200018405914,Chungcheongnam-do,South Korea
2023,3961.0300388336182,Chung-cheong bukdo,South Korea
2023,12768.10000538826,Daegu Metropolitan City,South Korea
2023,4815.0100002288818,Ulsan Metropolitan City,South Korea
2023,22114.340043783188,Incheon Metropolitan City,South Korea
2023,1610.1099948883057,Jeju Special Self-Governing Province,South Korea
2023,7406.9800033569336,Iowa,United States
2023,28712.640003681183,Ohio,United States
2023,16217.429983854294,Utah,United States
2023,8809.2499971389771,Idaho,United States
2023,769.78000545501709,Maine,United States
2023,137816.350163579,Texas,United States
2023,1191.8400011062622,Alaska,United States
2023,5542.4400014877319,Hawaii,United States
2023,5114.2500109672546,Kansas,United States
2023,16604.570003271103,Nevada,United States
2023,12899.400009155273,Oregon,United States
2023,8873.9500529766083,Alabama,United States
2023,37451.410053253174,Arizona,United States
2023,87750.590091705322,Florida,United States
2023,40985.000065803528,Georgia,United States
2023,16947.060011863708,Indiana,United States
2023,3579.1399974823,Montana,United States
2023,431.25999450683594,Vermont,United States
2023,1000.2400035858154,Wyoming,United States
2023,4519.10000038147,Arkansas,United States
2023,18297.789978981018,Colorado,United States
2023,2572.96000957489,Delaware,United States
2023,46368.270064353943,Illinois,United States
2023,11213.219989776611,Kentucky,United States
2023,23222.950004816055,Maryland,United States
2023,27145.489987373352,Michigan,United States
2023,14847.60000038147,Missouri,United States
2023,3456.0599975585938,Nebraska,United States
2023,64252.920080900192,New York,United States
2023,9799.910005569458,Oklahoma,United States
2023,29245.03005862236,Virginia,United States
2023,7994.81001329422,Louisiana,United States
2023,13924.670022964478,Minnesota,United States
2023,25743.699988365173,Tennessee,United States
2023,12643.890040397644,Wisconsin,United States
2023,202110.20017790794,California,United States
2023,30576.070028781891,New Jersey,United States
2023,8625.8600206375122,New Mexico,United States
2023,27621.280057907104,Washington,United States
2023,7570.0900330543518,Connecticut,United States
2023,6523.240044593811,Mississippi,United States
2023,2525.3800020217896,North Dakota,United States
2023,31571.159967422485,Pennsylvania,United States
2023,2557.0600090026855,Rhode Island,United States
2023,2235.6199913024902,South Dakota,United States
2023,13067.290021657944,Massachusetts,United States
2023,1485.21000289917,New Hampshire,United States
2023,1142.9199965000153,West Virginia,United States
2023,40898.850067615509,North Carolina,United States
2023,15886.629992008209,South Carolina,United States
2023,3252.3099918365479,District of Columbia,United States
2023,8748.6900005340576,Wales,United Kingdom
2023,215855.84036707878,England,United Kingdom
2023,13360.02002286911,Scotland,United Kingdom
2023,5731.780020236969,Northern Ireland,United Kingdom