id,date,time
2091,2026-01-01,09:00:00
2092,2026-01-02,09:00:00
2093,2026-01-03,09:00:00
2094,2026-01-05,09:00:00
2095,2026-01-05,19:00:00
2096,2026-01-06,09:00:00
2097,2026-01-07,09:00:00
2098,2026-01-07,19:00:00
2099,2026-01-08,09:00:00
2100,2026-01-09,09:00:00
2101,2026-01-10,09:00:00
2102,2026-01-12,09:00:00
2103,2026-01-12,19:00:00
2104,2026-01-13,09:00:00
2105,2026-01-14,09:00:00
2106,2026-01-14,19:00:00
2107,2026-01-15,09:00:00
2108,2026-01-16,09:00:00
2109,2026-01-17,09:00:00
2110,2026-01-19,09:00:00
2111,2026-01-19,19:00:00
2112,2026-01-20,09:00:00
2113,2026-01-21,09:00:00
2114,2026-01-21,19:00:00
2115,2026-01-22,09:00:00
2116,2026-01-23,09:00:00
2117,2026-01-24,09:00:00
2118,2026-01-26,09:00:00
2119,2026-01-26,19:00:00
2120,2026-01-27,09:00:00
2121,2026-01-28,09:00:00
2122,2026-01-28,19:00:00
2123,2026-01-29,09:00:00
2124,2026-01-30,09:00:00
2125,2026-01-31,09:00:00
2126,2026-02-02,09:00:00
2127,2026-02-02,19:00:00
2128,2026-02-03,09:00:00
2129,2026-02-04,09:00:00
2130,2026-02-04,19:00:00
2131,2026-02-05,09:00:00
2132,2026-02-06,09:00:00
2133,2026-02-07,09:00:00
2134,2026-02-09,09:00:00
2135,2026-02-09,19:00:00
2136,2026-02-10,09:00:00
2137,2026-02-11,09:00:00
2138,2026-02-11,19:00:00
2139,2026-02-12,09:00:00
2140,2026-02-13,09:00:00
2141,2026-02-14,09:00:00
2142,2026-02-16,09:00:00
2143,2026-02-16,19:00:00
2144,2026-02-17,09:00:00
2145,2026-02-18,09:00:00
2146,2026-02-18,19:00:00
2147,2026-02-19,09:00:00
2148,2026-02-20,09:00:00
2149,2026-02-21,09:00:00
2150,2026-02-23,09:00:00
2151,2026-02-23,19:00:00
2152,2026-02-24,09:00:00
2153,2026-02-25,09:00:00
2154,2026-02-25,19:00:00
2155,2026-02-26,09:00:00
2156,2026-02-27,09:00:00
2157,2026-02-28,09:00:00
2158,2026-03-02,09:00:00
2159,2026-03-02,19:00:00
2160,2026-03-03,09:00:00
2161,2026-03-04,09:00:00
2162,2026-03-04,19:00:00
2163,2026-03-05,09:00:00
2164,2026-03-06,09:00:00
2165,2026-03-07,09:00:00
2166,2026-03-09,09:00:00
2167,2026-03-09,19:00:00
2168,2026-03-10,09:00:00
2169,2026-03-11,09:00:00
2170,2026-03-11,19:00:00
2171,2026-03-12,09:00:00
2172,2026-03-13,09:00:00
2173,2026-03-14,09:00:00
2174,2026-03-16,09:00:00
2175,2026-03-16,19:00:00
2176,2026-03-17,09:00:00
2177,2026-03-18,09:00:00
2178,2026-03-18,19:00:00
2179,2026-03-19,09:00:00
2180,2026-03-20,09:00:00
2181,2026-03-21,09:00:00
2182,2026-03-23,09:00:00
2183,2026-03-23,19:00:00
2184,2026-03-24,09:00:00
2185,2026-03-25,09:00:00
2186,2026-03-25,19:00:00
2187,2026-03-26,09:00:00
2188,2026-03-27,09:00:00
2189,2026-03-28,09:00:00
2190,2026-03-30,09:00:00
2191,2026-03-30,19:00:00
2192,2026-03-31,09:00:00
2193,2026-04-01,09:00:00
2194,2026-04-01,19:00:00
2195,2026-04-02,09:00:00
2196,2026-04-03,09:00:00
2197,2026-04-04,09:00:00
2198,2026-04-06,09:00:00
2199,2026-04-06,19:00:00
2200,2026-04-07,09:00:00
2201,2026-04-08,09:00:00
2202,2026-04-08,19:00:00
2203,2026-04-09,09:00:00
2204,2026-04-10,09:00:00
2205,2026-04-11,09:00:00
2206,2026-04-13,09:00:00
2207,2026-04-13,19:00:00
2208,2026-04-14,09:00:00
2209,2026-04-15,09:00:00
2210,2026-04-15,19:00:00
2211,2026-04-16,09:00:00
2212,2026-04-17,09:00:00
2213,2026-04-18,09:00:00
2214,2026-04-20,09:00:00
2215,2026-04-20,19:00:00
2216,2026-04-21,09:00:00
2217,2026-04-22,09:00:00
2218,2026-04-22,19:00:00
2219,2026-04-23,09:00:00
2220,2026-04-24,09:00:00
2221,2026-04-25,09:00:00
2222,2026-04-27,09:00:00
2223,2026-04-27,19:00:00
2224,2026-04-28,09:00:00
2225,2026-04-29,09:00:00
2226,2026-04-29,19:00:00
2227,2026-04-30,09:00:00
2228,2026-05-01,09:00:00
2229,2026-05-02,09:00:00
2230,2026-05-04,09:00:00
2231,2026-05-04,19:00:00
2232,2026-05-05,09:00:00
2233,2026-05-06,09:00:00
2234,2026-05-06,19:00:00
2235,2026-05-07,09:00:00
2236,2026-05-08,09:00:00
2237,2026-05-09,09:00:00
2238,2026-05-11,09:00:00
2239,2026-05-11,19:00:00
2240,2026-05-12,09:00:00
2241,2026-05-13,09:00:00
2242,2026-05-13,19:00:00
2243,2026-05-14,09:00:00
2244,2026-05-15,09:00:00
2245,2026-05-16,09:00:00
2246,2026-05-18,09:00:00
2247,2026-05-18,19:00:00
2248,2026-05-19,09:00:00
2249,2026-05-20,09:00:00
2250,2026-05-20,19:00:00
2251,2026-05-21,09:00:00
2252,2026-05-22,09:00:00
2253,2026-05-23,09:00:00
2254,2026-05-25,09:00:00
2255,2026-05-25,19:00:00
2256,2026-05-26,09:00:00
2257,2026-05-27,09:00:00
2258,2026-05-27,19:00:00
2259,2026-05-28,09:00:00
2260,2026-05-29,09:00:00
2261,2026-05-30,09:00:00
2262,2026-06-01,09:00:00
2263,2026-06-01,19:00:00
2264,2026-06-02,09:00:00
2265,2026-06-03,09:00:00
2266,2026-06-03,19:00:00
2267,2026-06-04,09:00:00
2268,2026-06-05,09:00:00
2269,2026-06-06,09:00:00
2270,2026-06-08,09:00:00
2271,2026-06-08,19:00:00
2272,2026-06-09,09:00:00
2273,2026-06-10,09:00:00
2274,2026-06-10,19:00:00
2275,2026-06-11,09:00:00
2276,2026-06-12,09:00:00
2277,2026-06-13,09:00:00
2278,2026-06-15,09:00:00
2279,2026-06-15,19:00:00
2280,2026-06-16,09:00:00
2281,2026-06-17,09:00:00
2282,2026-06-17,19:00:00
2283,2026-06-18,09:00:00
2284,2026-06-19,09:00:00
2285,2026-06-20,09:00:00
2286,2026-06-22,09:00:00
2287,2026-06-22,19:00:00
2288,2026-06-23,09:00:00
2289,2026-06-24,09:00:00
2290,2026-06-24,19:00:00
2291,2026-06-25,09:00:00
2292,2026-06-26,09:00:00
2293,2026-06-27,09:00:00
2294,2026-06-29,09:00:00
2295,2026-06-29,19:00:00
2296,2026-06-30,09:00:00
2297,2026-07-01,09:00:00
2298,2026-07-01,19:00:00
2299,2026-07-02,09:00:00
2300,2026-07-03,09:00:00
2301,2026-07-04,09:00:00
2302,2026-07-06,09:00:00
2303,2026-07-06,19:00:00
2304,2026-07-07,09:00:00
2305,2026-07-08,09:00:00
2306,2026-07-08,19:00:00
2307,2026-07-09,09:00:00
2308,2026-07-10,09:00:00
2309,2026-07-11,09:00:00
2310,2026-07-13,09:00:00
2311,2026-07-13,19:00:00
2312,2026-07-14,09:00:00
2313,2026-07-15,09:00:00
2314,2026-07-15,19:00:00
2315,2026-07-16,09:00:00
2316,2026-07-17,09:00:00
2317,2026-07-18,09:00:00
2318,2026-07-20,09:00:00
2319,2026-07-20,19:00:00
2320,2026-07-21,09:00:00
2321,2026-07-22,09:00:00
2322,2026-07-22,19:00:00
2323,2026-07-23,09:00:00
2324,2026-07-24,09:00:00
2325,2026-07-25,09:00:00
2326,2026-07-27,09:00:00
2327,2026-07-27,19:00:00
2328,2026-07-28,09:00:00
2329,2026-07-29,09:00:00
2330,2026-07-29,19:00:00
2331,2026-07-30,09:00:00
2332,2026-07-31,09:00:00
2333,2026-08-01,09:00:00
2334,2026-08-03,09:00:00
2335,2026-08-03,19:00:00
2336,2026-08-04,09:00:00
2337,2026-08-05,09:00:00
2338,2026-08-05,19:00:00
2339,2026-08-06,09:00:00
2340,2026-08-07,09:00:00
2341,2026-08-08,09:00:00
2342,2026-08-10,09:00:00
2343,2026-08-10,19:00:00
2344,2026-08-11,09:00:00
2345,2026-08-12,09:00:00
2346,2026-08-12,19:00:00
2347,2026-08-13,09:00:00
2348,2026-08-14,09:00:00
2349,2026-08-15,09:00:00
2350,2026-08-17,09:00:00
2351,2026-08-17,19:00:00
2352,2026-08-18,09:00:00
2353,2026-08-19,09:00:00
2354,2026-08-19,19:00:00
2355,2026-08-20,09:00:00
2356,2026-08-21,09:00:00
2357,2026-08-22,09:00:00
2358,2026-08-24,09:00:00
2359,2026-08-24,19:00:00
2360,2026-08-25,09:00:00
2361,2026-08-26,09:00:00
2362,2026-08-26,19:00:00
2363,2026-08-27,09:00:00
2364,2026-08-28,09:00:00
2365,2026-08-29,09:00:00
2366,2026-08-31,09:00:00
2367,2026-08-31,19:00:00
2368,2026-09-01,09:00:00
2369,2026-09-02,09:00:00
2370,2026-09-02,19:00:00
2371,2026-09-03,09:00:00
2372,2026-09-04,09:00:00
2373,2026-09-05,09:00:00
2374,2026-09-07,09:00:00
2375,2026-09-07,19:00:00
2376,2026-09-08,09:00:00
2377,2026-09-09,09:00:00
2378,2026-09-09,19:00:00
2379,2026-09-10,09:00:00
2380,2026-09-11,09:00:00
2381,2026-09-12,09:00:00
2382,2026-09-14,09:00:00
2383,2026-09-14,19:00:00
2384,2026-09-15,09:00:00
2385,2026-09-16,09:00:00
2386,2026-09-16,19:00:00
2387,2026-09-17,09:00:00
2388,2026-09-18,09:00:00
2389,2026-09-19,09:00:00
2390,2026-09-21,09:00:00
2391,2026-09-21,19:00:00
2392,2026-09-22,09:00:00
2393,2026-09-23,09:00:00
2394,2026-09-23,19:00:00
2395,2026-09-24,09:00:00
2396,2026-09-25,09:00:00
2397,2026-09-26,09:00:00
2398,2026-09-28,09:00:00
2399,2026-09-28,19:00:00
2400,2026-09-29,09:00:00
2401,2026-09-30,09:00:00
2402,2026-09-30,19:00:00
2403,2026-10-01,09:00:00
2404,2026-10-02,09:00:00
2405,2026-10-03,09:00:00
2406,2026-10-05,09:00:00
2407,2026-10-05,19:00:00
2408,2026-10-06,09:00:00
2409,2026-10-07,09:00:00
2410,2026-10-07,19:00:00
2411,2026-10-08,09:00:00
2412,2026-10-09,09:00:00
2413,2026-10-10,09:00:00
2414,2026-10-12,09:00:00
2415,2026-10-12,19:00:00
2416,2026-10-13,09:00:00
2417,2026-10-14,09:00:00
2418,2026-10-14,19:00:00
2419,2026-10-15,09:00:00
2420,2026-10-16,09:00:00
2421,2026-10-17,09:00:00
2422,2026-10-19,09:00:00
2423,2026-10-19,19:00:00
2424,2026-10-20,09:00:00
2425,2026-10-21,09:00:00
2426,2026-10-21,19:00:00
2427,2026-10-22,09:00:00
2428,2026-10-23,09:00:00
2429,2026-10-24,09:00:00
2430,2026-10-26,09:00:00
2431,2026-10-26,19:00:00
2432,2026-10-27,09:00:00
2433,2026-10-28,09:00:00
2434,2026-10-28,19:00:00
2435,2026-10-29,09:00:00
2436,2026-10-30,09:00:00
2437,2026-10-31,09:00:00
2438,2026-11-02,09:00:00
2439,2026-11-02,19:00:00
2440,2026-11-03,09:00:00
2441,2026-11-04,09:00:00
2442,2026-11-04,19:00:00
2443,2026-11-05,09:00:00
2444,2026-11-06,09:00:00
2445,2026-11-07,09:00:00
2446,2026-11-09,09:00:00
2447,2026-11-09,19:00:00
2448,2026-11-10,09:00:00
2449,2026-11-11,09:00:00
2450,2026-11-11,19:00:00
2451,2026-11-12,09:00:00
2452,2026-11-13,09:00:00
2453,2026-11-14,09:00:00
2454,2026-11-16,09:00:00
2455,2026-11-16,19:00:00
2456,2026-11-17,09:00:00
2457,2026-11-18,09:00:00
2458,2026-11-18,19:00:00
2459,2026-11-19,09:00:00
2460,2026-11-20,09:00:00
2461,2026-11-21,09:00:00
2462,2026-11-23,09:00:00
2463,2026-11-23,19:00:00
2464,2026-11-24,09:00:00
2465,2026-11-25,09:00:00
2466,2026-11-25,19:00:00
2467,2026-11-26,09:00:00
2468,2026-11-27,09:00:00
2469,2026-11-28,09:00:00
2470,2026-11-30,09:00:00
2471,2026-11-30,19:00:00
2472,2026-12-01,09:00:00
2473,2026-12-02,09:00:00
2474,2026-12-02,19:00:00
2475,2026-12-03,09:00:00
2476,2026-12-04,09:00:00
2477,2026-12-05,09:00:00
2478,2026-12-07,09:00:00
2479,2026-12-07,19:00:00
2480,2026-12-08,09:00:00
2481,2026-12-09,09:00:00
2482,2026-12-09,19:00:00
2483,2026-12-10,09:00:00
2484,2026-12-11,09:00:00
2485,2026-12-12,09:00:00
2486,2026-12-14,09:00:00
2487,2026-12-14,19:00:00
2488,2026-12-15,09:00:00
2489,2026-12-16,09:00:00
2490,2026-12-16,19:00:00
2491,2026-12-17,09:00:00
2492,2026-12-18,09:00:00
2493,2026-12-19,09:00:00
2494,2026-12-21,09:00:00
2495,2026-12-21,19:00:00
2496,2026-12-22,09:00:00
2497,2026-12-23,09:00:00
2498,2026-12-23,19:00:00
2499,2026-12-24,09:00:00
2500,2026-12-25,09:00:00
2501,2026-12-26,09:00:00
2502,2026-12-28,09:00:00
2503,2026-12-28,19:00:00
2504,2026-12-29,09:00:00
2505,2026-12-30,09:00:00
2506,2026-12-30,19:00:00
2507,2026-12-31,09:00:00
