"id","first_name","last_name","email","joined_date"
46,"Ivy","Coast","santabarbara@example.com","2026-02-13 22:21:00.218485"
45,"Isla","Cove","monterey@example.com","2026-02-13 22:19:35.950959"
44,"Parker","Pacific","beachcity@example.com","2026-02-13 22:17:07.184893"
43,"Chloe","Orange","ocfashionista@example.com","2026-02-13 22:15:33.671034"
42,"Ella","Laguna","laguna@example.com","2026-02-13 22:14:18.987709"
41,"Sophia","Napa","winecountry@example.com","2026-02-13 22:12:15.2008"
40,"Mia","Horizon","calisunset@example.com","2026-02-13 22:11:08.301191"
39,"Sunny","Malibu","goldencoast@example.com","2026-02-12 21:10:25.224793"
38,"Autumn","North","minneapolis@example.com","2026-02-12 21:09:29.574781"
37,"Brandon","Wave","calisurfer@example.com","2026-02-12 21:08:10.806708"
36,"Logan","Code","siliconvalley@example.com","2026-02-12 21:06:43.625153"
35,"Ella","Spotlight","broadway@example.com","2026-02-12 21:05:53.957599"
34,"Charlotte","Savannah","southern@example.com","2026-02-12 21:04:59.84848"
33,"Ethan","Coffee","seattle@example.com","2026-02-12 21:03:45.255705"
32,"Jessica","Malibu","californiadreamer@example.com","2026-02-12 21:02:43.638686"
31,"Samantha","Bridge","goldengate@example.com","2026-02-12 21:01:54.90706"
30,"Emily","Clover","greenfields@example.com","2026-02-11 21:05:59.799347"
29,"Daniel","Crafton","camden@example.com","2026-02-11 21:02:45.483442"
28,"Laura","Fielding","countrylane@example.com","2026-02-11 21:00:50.634107"
27,"William","Scott","thistleandthames@example.com","2026-02-11 21:00:14.248953"
26,"Hannah","Prickles","hedgehog@example.com","2026-02-11 20:58:07.533916"
25,"Matthew","Bells","abbey@example.com","2026-02-11 20:56:56.779292"
24,"Eleanor","View","londoneye@example.com","2026-02-11 20:54:13.35019"
23,"Thomas","Sprint","hydepark@example.com","2026-02-11 20:53:03.858526"
22,"Alexander","Lane","regent@example.com","2026-02-11 20:51:58.963568"
21,"Sophia","Lane","chelsea@example.com","2026-02-11 20:50:16.901391"
20,"Lucy","Warmth","fireplace@example.com","2026-02-11 19:48:50.9693"
19,"Charlotte","Turner","teaandbooks@example.com","2026-02-11 19:47:19.507121"
18,"Alice","Meadow","cottagecore@example.com","2026-02-11 19:46:29.270847"
17,"Lydia","Fields","countryside@example.com","2026-02-11 19:42:35.137021"
16,"Emily","King","cambridge@example.com","2026-02-11 19:41:54.819614"
15,"George","Aleman","pub@example.com","2026-02-11 19:41:00.964159"
14,"Daniel","Stone","towerbridge@example.com","2026-02-11 19:38:58.202171"
13,"Sarah","Loaf","baker@example.com","2026-02-11 19:37:36.316746"
12,"Catherine","Bloom","royalgardener@example.com","2026-02-11 19:36:21.118832"
11,"Victoria","Redford","unionjack@example.com","2026-02-11 19:35:11.635567"
10,"William","Page","shakespeare@example.com","2026-02-11 19:33:27.236678"
9,"Hannah","Glacier","alaska@example.com","2026-02-11 19:32:13.390068"
8,"Sophia","Ocean","miamisunshine@example.com","2026-02-11 19:30:22.099011"
7,"Rachel","Green","shopping_rachel@centralperk.com","2026-02-10 21:14:55.351582"
6,"Edith","Piaf","e.piaf@gmail.com","2026-02-10 20:58:41.08288"
5,"Bette","Davis","bette@aol.com","2026-02-09 21:27:58.611329"
4,"Blue","Steele","blue@gmail.com","2026-02-09 21:27:58.611329"
3,"David","Bowie","david@gmail.com","2026-02-09 21:27:58.611329"
2,"George","Michael","gm@gmail.com","2026-02-09 21:27:58.611329"
1,"Boy","George","george@gmail.com","2026-02-09 21:27:58.611329"
