"id","name","email","phone","customer_type","created_at","city","country","username"
5,"Sophia Ocean","miamisunshine@example.com","","LOCAL","2026-03-03 22:19:55.82241+01","Tarifa","Spain","MiamiSunshine"
6,"Hannah Glacier","alaska@example.com","","LOCAL","2026-03-03 22:19:55.824718+01","Tarifa","Spain","AlaskaExplorer"
9,"Flowing Spirit","river@example.com","","LOCAL","2026-03-03 22:19:55.828451+01","Tarifa","Spain","RiverWanderer"
16,"William Page","shakespeare@example.com","","LOCAL","2026-03-03 22:19:55.835235+01","Tarifa","Spain","ShakespeareFan"
17,"Victoria Redford","unionjack@example.com","","LOCAL","2026-03-03 22:19:55.835905+01","Tarifa","Spain","UnionJack"
19,"Catherine Bloom","royalgardener@example.com","","LOCAL","2026-03-03 22:19:55.838575+01","Tarifa","Spain","RoyalGardener"
21,"Sarah Loaf","baker@example.com","","LOCAL","2026-03-03 22:19:55.840316+01","Tarifa","Spain","BoroughBaker"
22,"Daniel Stone","towerbridge@example.com","","LOCAL","2026-03-03 22:19:55.841127+01","Tarifa","Spain","TowerBridgeTrekker"
23,"George Aleman","pub@example.com","","LOCAL","2026-03-03 22:19:55.842054+01","Tarifa","Spain","PubExplorer"
24,"Emily King","cambridge@example.com","","LOCAL","2026-03-03 22:19:55.843244+01","Tarifa","Spain","CambridgeScholar"
26,"Lydia Fields","countryside@example.com","","LOCAL","2026-03-03 22:19:55.844993+01","Tarifa","Spain","CountrysideChaser"
28,"Alice Meadow","cottagecore@example.com","","LOCAL","2026-03-03 22:19:55.846267+01","Tarifa","Spain","CottageCoreDream"
31,"Charlotte Turner","teaandbooks@example.com","","LOCAL","2026-03-03 22:19:55.849684+01","Tarifa","Spain","TeaAndBooks"
32,"Lucy Warmth","fireplace@example.com","","LOCAL","2026-03-03 22:19:55.850616+01","Tarifa","Spain","CozyFireplace"
37,"Sophia Lane","chelsea@example.com","","LOCAL","2026-03-03 22:19:55.855244+01","Tarifa","Spain","CharmingChelsea"
42,"Alexander Lane","regent@example.com","","LOCAL","2026-03-03 22:19:55.858248+01","Tarifa","Spain","RegentStroller"
44,"Thomas Sprint","hydepark@example.com","","LOCAL","2026-03-03 22:19:55.859334+01","Tarifa","Spain","HydeParkJogger"
46,"Eleanor View","londoneye@example.com","","LOCAL","2026-03-03 22:19:55.860406+01","Tarifa","Spain","LondonEyeSeer"
48,"Matthew Bells","abbey@example.com","","LOCAL","2026-03-03 22:19:55.861841+01","Tarifa","Spain","AbbeyFanatic"
52,"Hannah Prickles","hedgehog@example.com","","LOCAL","2026-03-03 22:19:55.863889+01","Tarifa","Spain","HedgehogLover"
53,"William Scott","thistleandthames@example.com","","LOCAL","2026-03-03 22:19:55.864546+01","Tarifa","Spain","ThistleAndThames"
54,"Laura Fielding","countrylane@example.com","","LOCAL","2026-03-03 22:19:55.8652+01","Tarifa","Spain","CountryLane"
56,"Daniel Crafton","camden@example.com","","LOCAL","2026-03-03 22:19:55.866553+01","Tarifa","Spain","CamdenCrafter"
57,"Emily Clover","greenfields@example.com","","LOCAL","2026-03-03 22:19:55.867262+01","Tarifa","Spain","GreenFields"
64,"Samantha Bridge","goldengate@example.com","","LOCAL","2026-03-03 22:19:55.870667+01","Tarifa","Spain","GoldenGateGazer"
71,"Ethan Coffee","seattle@example.com","","LOCAL","2026-03-03 22:19:55.874754+01","Tarifa","Spain","SeattleBrews"
74,"Charlotte Savannah","southern@example.com","","LOCAL","2026-03-03 22:19:55.876337+01","Tarifa","Spain","SouthernCharm"
121,"Chloe Orange","ocfashionista@example.com","","LOCAL","2026-03-03 22:19:55.904248+01","Tarifa","Spain","OCFashionista"
78,"Ella Spotlight","broadway@example.com","","LOCAL","2026-03-03 22:19:55.878884+01","Tarifa","Spain","BroadwayStar"
79,"Logan Code","siliconvalley@example.com","","LOCAL","2026-03-03 22:19:55.879435+01","Tarifa","Spain","SiliconValleyTech"
81,"Isabella Harbor","capecod@example.com","","LOCAL","2026-03-03 22:19:55.88053+01","Tarifa","Spain","CapeCodCruiser"
96,"Brandon Wave","calisurfer@example.com","","LOCAL","2026-03-03 22:19:55.889968+01","Tarifa","Spain","CaliSurfer"
101,"Autumn North","minneapolis@example.com","","LOCAL","2026-03-03 22:19:55.892664+01","Tarifa","Spain","MinneapolisLakes"
107,"Sunny Malibu","goldencoast@example.com","","LOCAL","2026-03-03 22:19:55.895952+01","Tarifa","Spain","GoldenCoastGal"
112,"Mia Horizon","calisunset@example.com","","LOCAL","2026-03-03 22:19:55.899021+01","Tarifa","Spain","CaliSunset"
114,"Sophia Napa","winecountry@example.com","","LOCAL","2026-03-03 22:19:55.90036+01","Tarifa","Spain","WineCountryDream"
116,"Ella Laguna","laguna@example.com","","LOCAL","2026-03-03 22:19:55.901559+01","Tarifa","Spain","LagunaLover"
125,"Parker Pacific","beachcity@example.com","","LOCAL","2026-03-03 22:19:55.906363+01","Tarifa","Spain","BeachCityBreeze"
126,"Isla Cove","monterey@example.com","","LOCAL","2026-03-03 22:19:55.906896+01","Tarifa","Spain","MontereyMermaid"
2815,"Auguste Fischer","auguste.fischer@example.de","+491512000007","LOCAL","2026-04-07 19:27:54.11021+02","Tarifa","Spain",NULL
133,"Ivy Coast","santabarbara@example.com","","LOCAL","2026-03-03 22:19:55.910745+01","Tarifa","Spain","SantaBarbaraBreeze"
138,"Dylan Horizon","socalsunrise@example.com","","LOCAL","2026-03-03 22:19:55.913292+01","Tarifa","Spain","SocalSunrise"
158,"Leilani Kalani","sunsethula@example.com","","LOCAL","2026-03-03 22:19:55.923605+01","Tarifa","Spain","SunsetHula"
159,"Nalu Kea","islandvibes@example.com","","LOCAL","2026-03-03 22:19:55.924089+01","Tarifa","Spain","IslandVibes"
160,"Malia Moana","pacificdreamer@example.com","","LOCAL","2026-03-03 22:19:55.924996+01","Tarifa","Spain","PacificDreamer"
163,"Keanu Lani","ohanaheart@example.com","","LOCAL","2026-03-03 22:19:55.926527+01","Tarifa","Spain","OhanaHeart"
164,"Pua Kahakai","tropicalbreeze@example.com","","LOCAL","2026-03-03 22:19:55.927055+01","Tarifa","Spain","TropicalBreeze"
168,"Makani Olu","pineappleparadise@example.com","","LOCAL","2026-03-03 22:19:55.929199+01","Tarifa","Spain","PineappleParadise"
169,"Halia Anela","alohaspirit@example.com","","LOCAL","2026-03-03 22:19:55.929702+01","Tarifa","Spain","AlohaSpirit"
171,"Kanoa Pali","bigisland@example.com","","LOCAL","2026-03-03 22:19:55.930784+01","Tarifa","Spain","BigIslandSoul"
174,"Meilani Kai","paradiseglow@example.com","","LOCAL","2026-03-03 22:19:55.932397+01","Tarifa","Spain","ParadiseGlow"
176,"Iolana Hale","volcanovibes@example.com","","LOCAL","2026-03-03 22:19:55.933538+01","Tarifa","Spain","VolcanoVibes"
184,"Liko Keiki","sunsetshaka@example.com","","LOCAL","2026-03-03 22:19:55.937603+01","Tarifa","Spain","SunsetShaka"
1766,"Vanessa Teixeira","vanessateixeira@mail.com","","LOCAL","2026-04-03 09:16:26.37359+02","Tarifa","Spain",NULL
206,"Lani Nalu","paradisedream@example.com","","LOCAL","2026-03-03 22:19:55.949664+01","Tarifa","Spain","ParadiseDream"
207,"Lukas Müller","bavarian@example.com","","LOCAL","2026-03-03 22:19:55.950168+01","Tarifa","Spain","BavarianWanderer"
208,"Anna Schmidt","berlinexplorer@example.com","","LOCAL","2026-03-03 22:19:55.950689+01","Tarifa","Spain","BerlinExplorer"
210,"Sophia Meyer","hamburgharbor@example.com","","LOCAL","2026-03-03 22:19:55.951813+01","Tarifa","Spain","HamburgHarbor"
212,"Marie Weber","frankfurt@example.com","","LOCAL","2026-03-03 22:19:55.952843+01","Tarifa","Spain","FrankfurtSkyline"
213,"Jonas Wagner","oktoberfestfan@example.com","","LOCAL","2026-03-03 22:19:55.953388+01","Tarifa","Spain","OktoberfestFan"
214,"Lea Schulz","munichmoments@example.com","","LOCAL","2026-03-03 22:19:55.953901+01","Tarifa","Spain","MunichMoments"
215,"Paul Neumann","brandenburg@example.com","","LOCAL","2026-03-03 22:19:55.954405+01","Tarifa","Spain","BrandenburgBeauty"
223,"Alexander König","bavariaexplorer@example.com","","LOCAL","2026-03-03 22:19:55.95931+01","Tarifa","Spain","BavariaExplorer"
227,"Simon Keller","germantrails@example.com","","LOCAL","2026-03-03 22:19:55.961573+01","Tarifa","Spain","GermanTrails"
229,"Philipp Hartmann","thuringia@example.com","","LOCAL","2026-03-03 22:19:55.962685+01","Tarifa","Spain","ThuringiaTales"
257,"Sakura Yamamoto","kyotodreamer@example.com","","LOCAL","2026-03-03 22:19:55.977847+01","Tarifa","Spain","KyotoDreamer"
259,"Yui Nakamura","fukuokaflavors@example.com","","LOCAL","2026-03-03 22:19:55.978877+01","Tarifa","Spain","FukuokaFlavors"
262,"Riku Kobayashi","shinjukushines@example.com","","LOCAL","2026-03-03 22:19:55.980428+01","Tarifa","Spain","ShinjukuShines"
1775,"Jéssica Pinto","jessicapinto@tarifa.com","","LOCAL","2026-04-01 10:05:34.751374+02","Tarifa","Spain",NULL
2836,"Yvonne Köhler","yvonne.koehler@example.de","+491512000028","LOCAL","2026-04-07 19:27:54.11021+02","Tarifa","Spain",NULL
276,"Haruki Nishimura","tottoritrails@example.com","","LOCAL","2026-03-03 22:19:55.987925+01","Tarifa","Spain","TottoriTrails"
303,"Miki Oda","hiroshimalight@example.com","","LOCAL","2026-03-03 22:19:56.002097+01","Tarifa","Spain","HiroshimaLight"
304,"Naoki Itō","tokyosere@example.com","","LOCAL","2026-03-03 22:19:56.002602+01","Tarifa","Spain","TokyoSerene"
305,"Ruri Endo","okinawasea@example.com","","LOCAL","2026-03-03 22:19:56.003128+01","Tarifa","Spain","OkinawanSea"
306,"Élise Moreau","parisiandream@example.com","","LOCAL","2026-03-03 22:19:56.003656+01","Tarifa","Spain","ParisianDream"
307,"Lucas Dubois","lyonlover@example.com","","LOCAL","2026-03-03 22:19:56.004164+01","Tarifa","Spain","LyonLover"
308,"Sophie Laurent","rivierachic@example.com","","LOCAL","2026-03-03 22:19:56.004662+01","Tarifa","Spain","RivieraChic"
314,"Anaïs Petit","alsaceadventures@example.com","","LOCAL","2026-03-03 22:19:56.00816+01","Tarifa","Spain","AlsaceAdventures"
316,"Chloé Durand","parisianpoet@example.com","","LOCAL","2026-03-03 22:19:56.009209+01","Tarifa","Spain","ParisianPoet"
318,"Manon Dupont","brittanybreeze@example.com","","LOCAL","2026-03-03 22:19:56.0103+01","Tarifa","Spain","BrittanyBreeze"
320,"Isabelle Reynaud","marseillemagic@example.com","","LOCAL","2026-03-03 22:19:56.011292+01","Tarifa","Spain","MarseilleMagic"
322,"Émilie Simon","cannescharm@example.com","","LOCAL","2026-03-03 22:19:56.012335+01","Tarifa","Spain","CannesCharm"
325,"Benoît Noël","avignonart@example.com","","LOCAL","2026-03-03 22:19:56.014152+01","Tarifa","Spain","AvignonArt"
1776,"Tatiana Cavaco","tatianacavaco@mail.com","","LOCAL","2026-04-03 09:26:26.37359+02","Tarifa","Spain",NULL
2850,"Svenja Haas","svenja.haas@example.de","+491512000042","LOCAL","2026-04-07 19:27:54.11021+02","Tarifa","Spain",NULL
328,"Léa Barret","frenchfinesse@example.com","","LOCAL","2026-03-03 22:19:56.015745+01","Tarifa","Spain","FrenchFinesse"
332,"Aurélie Leclerc","cotecharm@example.com","","LOCAL","2026-03-03 22:19:56.017789+01","Tarifa","Spain","CôteCharm"
336,"Amélie Richard","bordeauxvines@example.com","","LOCAL","2026-03-03 22:19:56.019852+01","Tarifa","Spain","BordeauxVines"
342,"Alice Monet","corsicanwinds@example.com","","LOCAL","2026-03-03 22:19:56.023544+01","Tarifa","Spain","CorsicanWinds"
343,"François Marin","alsacevistas@example.com","","LOCAL","2026-03-03 22:19:56.024051+01","Tarifa","Spain","AlsaceVistas"
346,"Nathalie Caron","bordeauxbeats@example.com","","LOCAL","2026-03-03 22:19:56.025577+01","Tarifa","Spain","BordeauxBeats"
347,"Étienne Pelletier","lillevibes@example.com","","LOCAL","2026-03-03 22:19:56.026066+01","Tarifa","Spain","LilleVibes"
352,"Zoé Moulin","normandytides@example.com","","LOCAL","2026-03-03 22:19:56.029403+01","Tarifa","Spain","NormandyTides"
355,"Alexandre Rivière","parisianvibe@example.com","","LOCAL","2026-03-03 22:19:56.030978+01","Tarifa","Spain","ParisianVibe"
357,"Lucía Martínez","barcelonabreeze@example.com","","LOCAL","2026-03-03 22:19:56.03223+01","Tarifa","Spain","BarcelonaBreeze"
358,"Carlos Fernández","sevillespirit@example.com","","LOCAL","2026-03-03 22:19:56.032763+01","Tarifa","Spain","SevilleSpirit"
359,"Sofía López","granadaglow@example.com","","LOCAL","2026-03-03 22:19:56.033304+01","Tarifa","Spain","GranadaGlow"
360,"Javier Sánchez","valenciavibe@example.com","","LOCAL","2026-03-03 22:19:56.03382+01","Tarifa","Spain","ValenciaVibe"
363,"Elena Morales","toledotales@example.com","","LOCAL","2026-03-03 22:19:56.035309+01","Tarifa","Spain","ToledoTales"
364,"Manuel Romero","ibizanights@example.com","","LOCAL","2026-03-03 22:19:56.035831+01","Tarifa","Spain","IbizaNights"
367,"Isabel Gil","cadizcoast@example.com","","LOCAL","2026-03-03 22:19:56.03732+01","Tarifa","Spain","CadizCoast"
369,"Carmen Torres","galiciagreen@example.com","","LOCAL","2026-03-03 22:19:56.038304+01","Tarifa","Spain","GaliciaGreen"
371,"Alicia Navarro","barcelonacharm@example.com","","LOCAL","2026-03-03 22:19:56.03933+01","Tarifa","Spain","BarcelonaCharm"
373,"María Ortega","granadadreams@example.com","","LOCAL","2026-03-03 22:19:56.040333+01","Tarifa","Spain","GranadaDreams"
374,"José Alonso","valenciasunset@example.com","","LOCAL","2026-03-03 22:19:56.040831+01","Tarifa","Spain","ValenciaSunset"
377,"Ángela Bautista","toledotime@example.com","","LOCAL","2026-03-03 22:19:56.042372+01","Tarifa","Spain","ToledoTime"
379,"Rosa Maldonado","sevilleserenade@example.com","","LOCAL","2026-03-03 22:19:56.043372+01","Tarifa","Spain","SevilleSerenade"
387,"Adriana Núñez","granadajoy@example.com","","LOCAL","2026-03-03 22:19:56.047889+01","Tarifa","Spain","GranadaJoy"
389,"Sara Pascual","ibizasun@example.com","","LOCAL","2026-03-03 22:19:56.048825+01","Tarifa","Spain","IbizaSun"
395,"Irene Aguilar","valenciaview@example.com","","LOCAL","2026-03-03 22:19:56.051819+01","Tarifa","Spain","ValenciaView"
399,"Cristina Villar","sevillechic@example.com","","LOCAL","2026-03-03 22:19:56.053749+01","Tarifa","Spain","SevilleChic"
400,"Pedro Ibáñez","granadasoul@example.com","","LOCAL","2026-03-03 22:19:56.054235+01","Tarifa","Spain","GranadaSoul"
401,"Valeria Bravo","barcelonaglow@example.com","","LOCAL","2026-03-03 22:19:56.05473+01","Tarifa","Spain","BarcelonaGlow"
404,"Julián Serrano","bilbaolife@example.com","","LOCAL","2026-03-03 22:19:56.056226+01","Tarifa","Spain","BilbaoLife"
405,"Lola Prieto","madridpassion@example.com","","LOCAL","2026-03-03 22:19:56.056718+01","Tarifa","Spain","MadridPassion"
406,"Erik Johansson","nordicexplorers@example.com","","LOCAL","2026-03-03 22:19:56.057206+01","Tarifa","Spain","NordicExplorers"
407,"Ingrid Andersson","saminomad@example.com","","LOCAL","2026-03-03 22:19:56.057691+01","Tarifa","Spain","SamiNomad"
408,"Björn Larsson","vikingvoyager@example.com","","LOCAL","2026-03-03 22:19:56.058174+01","Tarifa","Spain","VikingVoyager"
410,"Magnus Nielsen","aurorahunter@example.com","","LOCAL","2026-03-03 22:19:56.059502+01","Tarifa","Spain","AuroraHunter"
411,"Elsa Lindström","scandinaviansoul@example.com","","LOCAL","2026-03-03 22:19:56.060063+01","Tarifa","Spain","ScandinavianSoul"
413,"Helena Gustafsson","odinseeker@example.com","","LOCAL","2026-03-03 22:19:56.061227+01","Tarifa","Spain","OdinSeeker"
414,"Lars Pettersson","nordicwaves@example.com","","LOCAL","2026-03-03 22:19:56.061783+01","Tarifa","Spain","NordicWaves"
415,"Karin Svensson","vikinglegacy@example.com","","LOCAL","2026-03-03 22:19:56.062357+01","Tarifa","Spain","VikingLegacy"
416,"Torbjørn Eriksen","icelandicdreamer@example.com","","LOCAL","2026-03-03 22:19:56.062916+01","Tarifa","Spain","IcelandicDreamer"
417,"Aino Nieminen","sistrength@example.com","","LOCAL","2026-03-03 22:19:56.063492+01","Tarifa","Spain","SisuStrength"
418,"Mikael Holm","scandiwanderer@example.com","","LOCAL","2026-03-03 22:19:56.064051+01","Tarifa","Spain","ScandiWanderer"
419,"Freja Karlsson","vikingshield@example.com","","LOCAL","2026-03-03 22:19:56.064597+01","Tarifa","Spain","VikingShield"
423,"Sofia Eriksson","nordicroots@example.com","","LOCAL","2026-03-03 22:19:56.066772+01","Tarifa","Spain","NordicRoots"
425,"Bente Jensen","fjordexplorer@example.com","","LOCAL","2026-03-03 22:19:56.067846+01","Tarifa","Spain","FjordExplorer"
426,"Lina Hansen","northerntales@example.com","","LOCAL","2026-03-03 22:19:56.06839+01","Tarifa","Spain","NorthernTales"
428,"Liv Nyström","skadihunter@example.com","","LOCAL","2026-03-03 22:19:56.069422+01","Tarifa","Spain","SkadiHunter"
431,"Mads Larsen","vikingheart@example.com","","LOCAL","2026-03-03 22:19:56.070875+01","Tarifa","Spain","VikingHeart"
432,"Katrine Skaar","frozenfjord@example.com","","LOCAL","2026-03-03 22:19:56.071354+01","Tarifa","Spain","FrozenFjord"
435,"Stig Johansen","scandisoul@example.com","","LOCAL","2026-03-03 22:19:56.073176+01","Tarifa","Spain","ScandiSoul"
437,"Ari Kallio","helsinkidream@example.com","","LOCAL","2026-03-03 22:19:56.074203+01","Tarifa","Spain","HelsinkiDream"
438,"Mia Johannessen","frostynordic@example.com","","LOCAL","2026-03-03 22:19:56.074736+01","Tarifa","Spain","FrostyNordic"
440,"Saga Jensen","snowyviking@example.com","","LOCAL","2026-03-03 22:19:56.075757+01","Tarifa","Spain","SnowyViking"
442,"Karolina Håkansson","nordiccharm@example.com","","LOCAL","2026-03-03 22:19:56.07679+01","Tarifa","Spain","NordicCharm"
444,"Hanne Dahl","frozentrail@example.com","","LOCAL","2026-03-03 22:19:56.077862+01","Tarifa","Spain","FrozenTrail"
445,"Fredrik Persson","northernbliss@example.com","","LOCAL","2026-03-03 22:19:56.078335+01","Tarifa","Spain","NorthernBliss"
446,"Tina Bergström","vikingdream@example.com","","LOCAL","2026-03-03 22:19:56.078823+01","Tarifa","Spain","VikingDream"
449,"Signe Nygaard","helsinkilights@example.com","","LOCAL","2026-03-03 22:19:56.08039+01","Tarifa","Spain","HelsinkiLights"
450,"Olaf Lund","northernexplorer@example.com","","LOCAL","2026-03-03 22:19:56.080894+01","Tarifa","Spain","NorthernExplorer"
451,"Freja Olofsson","scandiforest@example.com","","LOCAL","2026-03-03 22:19:56.081694+01","Tarifa","Spain","ScandiForest"
453,"Sofie Svensson","vikingspirit@example.com","","LOCAL","2026-03-03 22:19:56.082754+01","Tarifa","Spain","VikingSpirit"
456,"María González","salsaqueen@example.com","","LOCAL","2026-03-03 22:19:56.084285+01","Tarifa","Spain","SalsaQueen"
458,"Lucía Pérez","fiestavibes@example.com","","LOCAL","2026-03-03 22:19:56.085144+01","Tarifa","Spain","FiestaVibes"
460,"Ana Díaz","cumbialover@example.com","","LOCAL","2026-03-03 22:19:56.085989+01","Tarifa","Spain","CumbiaLover"
464,"Valentina Sánchez","latinexplorer@example.com","","LOCAL","2026-03-03 22:19:56.087649+01","Tarifa","Spain","LatinExplorer"
466,"Ximena López","aztecwarrior@example.com","","LOCAL","2026-03-03 22:19:56.088476+01","Tarifa","Spain","AztecWarrior"
468,"Camila Ruiz","vivalavida@example.com","","LOCAL","2026-03-03 22:19:56.089534+01","Tarifa","Spain","VivaLaVida"
469,"Gabriel Silva","brazilianbeat@example.com","","LOCAL","2026-03-03 22:19:56.090068+01","Tarifa","Spain","BrazilianBeat"
471,"Eduardo Costa","sambaspirit@example.com","","LOCAL","2026-03-03 22:19:56.091364+01","Tarifa","Spain","SambaSpirit"
507,"Taro Suzuki","bamboodream@example.com","","LOCAL","2026-03-03 22:19:56.110399+01","Tarifa","Spain","BambooDream"
508,"Ming Li","lotusflower@example.com","","LOCAL","2026-03-03 22:19:56.110923+01","Tarifa","Spain","LotusFlower"
509,"Liu Wei","dragonrider@example.com","","LOCAL","2026-03-03 22:19:56.111392+01","Tarifa","Spain","DragonRider"
510,"Aiko Takahashi","zenmaster@example.com","","LOCAL","2026-03-03 22:19:56.111891+01","Tarifa","Spain","ZenMaster"
511,"Yuki Tanaka","koicarp@example.com","","LOCAL","2026-03-03 22:19:56.112377+01","Tarifa","Spain","KoiCarp"
1785,"Luísa Magalhães","luisamagalhaes@tarifa.com","","LOCAL","2026-04-01 14:04:34.751374+02","Tarifa","Spain",NULL
1786,"Helena Ramos","helenaramos@mail.com","","LOCAL","2026-04-03 19:15:26.37359+02","Tarifa","Spain",NULL
532,"Kenzo Yamada","shogunspirit@example.com","","LOCAL","2026-03-03 22:19:56.12304+01","Tarifa","Spain","ShogunSpirit"
1795,"Rosa Monteiro","rosamonteiro@tarifa.com","","LOCAL","2026-04-01 10:00:55.751374+02","Tarifa","Spain",NULL
1796,"João Silva","joaosilva@mail.com","","LOCAL","2026-04-03 11:33:26.37459+02","Tarifa","Spain",NULL
2876,"Ronny Gruber","ronny.gruber@example.de","+491512000068","LOCAL","2026-04-07 19:27:54.11021+02","Tarifa","Spain",NULL
597,"Rajeev Singh","sitarsymphony@example.com","","LOCAL","2026-03-03 22:19:56.156145+01","Tarifa","Spain","SitarSymphony"
2878,"Cindy Stark","cindy.stark@example.de","+491512000070","LOCAL","2026-04-07 19:27:54.11021+02","Tarifa","Spain",NULL
2882,"Christian Vogel","christian.vogel@example.de","+491512210074","LOCAL","2026-04-07 19:27:54.11021+02","Tarifa","Spain",NULL
1805,"Miguel Gonçalves","miguelgoncalves@tarifa.com","","LOCAL","2026-04-01 06:54:34.751374+02","Tarifa","Spain",NULL
1806,"Paulo Gomes","paulogomes@mail.com","","LOCAL","2026-04-03 09:01:26.37359+02","Tarifa","Spain",NULL
1815,"Théo Bonnet","theobonnet@tarifa.com","","LOCAL","2026-04-01 10:55:55.751374+02","Tarifa","Spain",NULL
1816,"Loïc Martinez","loicmartinez@tarifa.com","","LOCAL","2026-04-01 09:03:55.752174+02","Tarifa","Spain",NULL
2897,"Michael Merten","michael.merten@example.de","+491512000089","LOCAL","2026-04-07 19:27:54.11021+02","Tarifa","Spain",NULL
2906,"Sigrid Ernst","sigrid.ernst@example.de","+491512000098","LOCAL","2026-04-07 19:27:54.11021+02","Tarifa","Spain",NULL
1818,"Nelson Moreira","nelsonmoreira@tarifa.com","","LOCAL","2026-04-01 12:32:55.783374+02","Tarifa","Spain",NULL
1817,"Alexis Francois","alexisfrancois@tarifa.com","","LOCAL","2026-04-01 14:44:55.754274+02","Tarifa","Spain",NULL
1819,"Corinne Zimmermann","corinnezimmermann@mail.com","","LOCAL","2026-04-03 11:33:26.37459+02","Tarifa","Spain",NULL
858,"Rachel Green","friendsforever@example.com","","LOCAL","2026-03-03 22:19:56.295774+01","Tarifa","Spain","FriendsForever"
933,"Sean Paul","dancehallvibes@example.com","","LOCAL","2026-03-03 22:19:56.341152+01","Tarifa","Spain","DanceHallVibes"
975,"Oliver Lee","missionmuralartist@example.com","","LOCAL","2026-03-03 22:19:56.362559+01","Tarifa","Spain","MissionMuralArtist"
1829,"Sandra Kaufmann","sandrakaufmann@mail.com","","LOCAL","2026-04-03 19:31:26.37359+02","Tarifa","Spain",NULL
1006,"Ross Geller","rossgeller123@example.com","","LOCAL","2026-03-03 22:19:56.37964+01","Tarifa","Spain","RossGeller123"
1828,"Selina Lüthi","selinaluthi@tarifa.com","","LOCAL","2026-04-01 16:54:34.751374+02","Tarifa","Spain",NULL
1046,"Betty Francis","bettyfrancis88@example.com","","LOCAL","2026-03-03 22:19:56.399952+01","Tarifa","Spain","BettyFrancis88"
1127,"Mrs. Coulter","mrscoulter22@example.com","","LOCAL","2026-03-03 22:19:56.443544+01","Tarifa","Spain","MrsCoulter22"
1180,"Vince","vince12@example.com","","LOCAL","2026-03-03 22:19:56.472217+01","Tarifa","Spain","Vince12"
1844,"Matteo Bernasconi","matteobernasconi@tarifa.com","","LOCAL","2026-04-01 08:17:51.754274+02","Tarifa","Spain",NULL
1843,"Daniel Fischer","danielfischer@tarifa.com","","LOCAL","2026-04-01 19:42:21.752174+02","Tarifa","Spain",NULL
1845,"Edin Hasanović","edinhasanovic@tarifa.com","","LOCAL","2026-04-01 08:39:29.783374+02","Tarifa","Spain",NULL
1349,"Johnny Depp","johnny@hollywoodmail.com","","LOCAL","2026-03-03 22:19:56.574404+01","Tarifa","Spain","JohnnyDepp"
1387,"Bernard Arnault","bernard@forbesmail.com","","LOCAL","2026-03-03 22:19:56.594916+01","Tarifa","Spain","BernardArnault"
1495,"Katherine Johnson","katherine@science.com","","LOCAL","2026-03-03 22:19:56.65373+01","Tarifa","Spain","KatherineJohnson"
1588,"Sophie Turner","sophie@saltysurf.com","","LOCAL","2026-03-03 22:19:56.700053+01","Tarifa","Spain","SaltWaterSophie"
3026,"Rico Werner","rico.werner@example.de","+491513000009","LOCAL","2026-04-07 19:37:57.052599+02","Tarifa","Spain",NULL
1619,"Tessa Walker","tessa@tranquil.com","","LOCAL","2026-03-03 22:19:56.719946+01","Tarifa","Spain","TranquilTessa"
1623,"Claudia Velasco Ortiz","claudia.velasco.o@enlace.es","","LOCAL","2026-03-08 11:01:45.152239+01","Tarifa","Spain",NULL
1624,"Samuel Torres Galdós","s.torres.g@construye.es","","LOCAL","2026-03-08 11:01:14.73627+01","Tarifa","Spain",NULL
1625,"Natalia Salazar Mora","n.salazar.mora@vanguardia.es","","LOCAL","2026-03-08 11:00:54.00541+01","Tarifa","Spain",NULL
1626,"Fernando Ríos Vargas","f.rios.vargas@ciencias.es","","LOCAL","2026-03-08 11:00:19.502115+01","Tarifa","Spain",NULL
1627,"Isabel Quintana Rojas","i.quintana.r@estilo.es","","LOCAL","2026-03-08 10:59:46.229776+01","Tarifa","Spain",NULL
1628,"Nicolás Paredes Méndez","n.paredes.m@red.es","","LOCAL","2026-03-08 10:58:47.950621+01","Tarifa","Spain",NULL
1629,"Beatriz Olivares Guerra","b.olivares.g@comunicaciones.es","","LOCAL","2026-03-08 10:57:19.289225+01","Tarifa","Spain",NULL
1630,"Diego Navarro Duque","diego.navarro.d@empresa.es","","LOCAL","2026-03-08 10:56:31.484701+01","Tarifa","Spain",NULL
1631,"Camila Montoya Serrano","c.montoya.s@academia.es","","LOCAL","2026-03-08 10:54:09.835121+01","Tarifa","Spain",NULL
1632,"Hugo Lozano Castillo","h.lozano.c@webmail.es","","LOCAL","2026-03-08 10:53:29.88208+01","Tarifa","Spain",NULL
1633,"Valeria Jiménez Bravo","v.jimenez.bravo@diseno.es","","LOCAL","2026-03-08 10:52:34.877831+01","Tarifa","Spain",NULL
1634,"Sebastián Ibarra Flores","sibarra.flores@consultoria.es","","LOCAL","2026-03-08 10:51:19.345618+01","Tarifa","Spain",NULL
1635,"Sofía Heredia Nazario","s.heredia.n@nube.es","","LOCAL","2026-03-08 10:50:08.909081+01","Tarifa","Spain",NULL
1636,"Adrián Gallego Santos","adrian.gallego.s@servicios.es","","LOCAL","2026-03-08 10:48:38.17962+01","Tarifa","Spain",NULL
1637,"Martina Ferrer Blanco","martina.ferrer.b@global.com","","LOCAL","2026-03-08 10:48:00.843837+01","Tarifa","Spain",NULL
1638,"Rodrigo Escudero Peña","r.escudero.p@proyectos.es","","LOCAL","2026-03-08 10:46:56.982686+01","Tarifa","Spain",NULL
1639,"Elena De la Cruz Montes","elena.delacruz.m@estudio.es","","LOCAL","2026-03-08 10:45:26.014548+01","Tarifa","Spain",NULL
1640,"Mateo Castañeda Vidal","m.castaneda.vidal@red.es","","LOCAL","2026-03-08 10:44:30.471195+01","Tarifa","Spain",NULL
1641,"Lucía Beltrán Orozco","lucia.beltran.o@correo.es","","LOCAL","2026-03-08 10:43:22.431161+01","Tarifa","Spain",NULL
1642,"Javier Alarcón Ruiz","j.alarcon.ruiz@ficticia.es","","LOCAL","2026-03-08 10:42:46.701391+01","Tarifa","Spain",NULL
1665,"Claudia Romero Diez","claudia.romero.d@icloud.com","","LOCAL","2026-03-11 20:11:14.345535+01","Tarifa","Spain",NULL
1666,"Sebastián Vega Beltrán","sebv.escritor@gmail.com","","LOCAL","2026-03-11 20:10:08.686101+01","Tarifa","Spain",NULL
1667,"Daniela Aguilar Crespo","daniela.aguilar@telefonica.net","","LOCAL","2026-03-11 20:08:48.052296+01","Tarifa","Spain",NULL
1668,"Ricardo Ramos Suero","r.ramos.tarifa@proton.me","","LOCAL","2026-03-11 20:07:14.25059+01","Tarifa","Spain",NULL
1669,"Valeria Ferrer Domínguez","v.ferrer.lectura@gmail.com","","LOCAL","2026-03-11 20:03:32.745996+01","Tarifa","Spain",NULL
1670,"Marcos Serrano Peña","marcos_serrano_85@correo.es","","LOCAL","2026-03-11 20:02:42.448751+01","Tarifa","Spain",NULL
1671,"Isabel Ibáñez Torres","isa.ibanez@yahoo.com","","LOCAL","2026-03-11 20:01:16.262143+01","Tarifa","Spain",NULL
1672,"Adrián Lozano Gil","adri.lozano.books@outlook.es","","LOCAL","2026-03-11 19:59:50.395408+01","Tarifa","Spain",NULL
1673,"Alba Guerrero Pascual","alba.guerrero.p@me.com","","LOCAL","2026-03-11 19:59:08.842034+01","Tarifa","Spain",NULL
1674,"Pablo Cano Medina","pablo.cano.levante@gmail.com","","LOCAL","2026-03-11 19:58:35.111634+01","Tarifa","Spain",NULL
1675,"Sofía Lara Blanco","sofia.larab@gestion.es","","LOCAL","2026-03-11 07:51:06.251457+01","Tarifa","Spain",NULL
1676,"Diego Morales Ortega","diego.morales.surf@gmail.com","","LOCAL","2026-03-11 07:50:30.218817+01","Tarifa","Spain",NULL
1677,"Elena Vidal Garrido","elenavidal_92@hotmail.com","","LOCAL","2026-03-11 07:49:54.98446+01","Tarifa","Spain",NULL
1678,"Javier Méndez Rubio","javi.mendez.tarifa@protonmail.com","","LOCAL","2026-03-11 07:49:11.368181+01","Tarifa","Spain",NULL
1679,"Martina Navarro Soler","martina.nav@icloud.com","","LOCAL","2026-03-11 07:48:39.218027+01","Tarifa","Spain",NULL
1680,"Hugo Jiménez Castro","hugo_j_castro@yahoo.es","","LOCAL","2026-03-11 07:43:56.298688+01","Tarifa","Spain",NULL
1681,"Carmen Ortiz Núñez","carmen.ortiz@telefonica.net","","LOCAL","2026-03-11 07:43:20.809546+01","Tarifa","Spain",NULL
1682,"Mateo Ruiz Delgado","m.ruiz.vientos@outlook.com","","LOCAL","2026-03-11 07:42:31.097654+01","Tarifa","Spain",NULL
1683,"Lucía Fernández Santos","lucia.tarifabooks@gmail.com","","LOCAL","2026-03-11 07:42:01.591589+01","Tarifa","Spain",NULL
1684,"Alejandro García Marín","al.garcia88@correo.es","","LOCAL","2026-03-11 07:40:24.760978+01","Tarifa","Spain",NULL
1685,"Lani Nalu","welcometoparadisedream@example.com","","LOCAL","2026-03-09 11:28:05.192474+01","Tarifa","Spain",NULL
1686,"Søren Bakke","soren.kitesurf@nordicnet.no","","LOCAL","2026-03-12 09:15:22.451233+01","Tarifa","Spain",NULL
1687,"Emma Whitlock","emma.wh.nomad@gmail.com","","LOCAL","2026-03-12 10:22:11.102344+01","Tarifa","Spain",NULL
1688,"Lukas Müller","l.mueller.design@web.de","","LOCAL","2026-03-12 11:05:44.88219+01","Tarifa","Spain",NULL
1689,"Chloé Lefebvre","chloe.tarifa@orange.fr","","LOCAL","2026-03-12 12:45:30.551002+01","Tarifa","Spain",NULL
1690,"Jasper van der Meer","jasper.vdmeer@ziggo.nl","","LOCAL","2026-03-12 14:10:05.112233+01","Tarifa","Spain",NULL
1691,"Aria Rossi","rossi.aria@libero.it","","LOCAL","2026-03-12 15:33:18.992831+01","Tarifa","Spain",NULL
1692,"Oliver Smith","olliver.smith.uk@outlook.com","","LOCAL","2026-03-12 16:55:40.441552+01","Tarifa","Spain",NULL
1693,"Freja Jensen","freja.j@danishmail.dk","","LOCAL","2026-03-13 08:20:12.66211+01","Tarifa","Spain",NULL
1694,"Liam O’Connor","liam.kite.tarifa@gmail.com","","LOCAL","2026-03-13 09:12:33.771223+01","Tarifa","Spain",NULL
1695,"Anika Sharma","anika.sharma.coder@gmail.com","","LOCAL","2026-03-13 10:45:01.332445+01","Tarifa","Spain",NULL
1696,"Sebastian Meyer","s.meyer.yoga@gmx.de","","LOCAL","2026-03-13 11:20:55.112998+01","Tarifa","Spain",NULL
1697,"Zoë Williams","zoe.waves@icloud.com","","LOCAL","2026-03-13 13:05:44.221004+01","Tarifa","Spain",NULL
1698,"Matteo Bianchi","m.bianchi@proton.me","","LOCAL","2026-03-13 14:50:18.552113+01","Tarifa","Spain",NULL
1699,"Sofia Lindberg","sofia.swede@yahoo.se","","LOCAL","2026-03-13 16:22:30.991882+01","Tarifa","Spain",NULL
1700,"Julian Bennett","jules.bennett@me.com","","LOCAL","2026-03-14 07:15:10.442331+01","Tarifa","Spain",NULL
1701,"Noa Cohen","noa.cohen.tarifa@gmail.com","","LOCAL","2026-03-14 08:40:22.112665+01","Tarifa","Spain",NULL
1702,"Klara Nowak","klara.n.art@wp.pl","","LOCAL","2026-03-14 09:12:55.772331+01","Tarifa","Spain",NULL
1703,"Finn Gallagher","finn.g@irishabroad.ie","","LOCAL","2026-03-14 10:05:33.88122+01","Tarifa","Spain",NULL
1704,"Yuki Tanaka","yuki.tanaka@tokyomail.jp","","LOCAL","2026-03-14 11:22:44.552119+01","Tarifa","Spain",NULL
1705,"Isabella Costa","bella.costa@uol.com.br","","LOCAL","2026-03-14 12:45:11.992884+01","Tarifa","Spain",NULL
1707,"Aileen Jenkins","aileen.jenkins@tarifa.com","","LOCAL","2026-03-23 20:14:48.877888+01","Tarifa","Spain",NULL
1708,"Jayda Osborn","jayda.osborn@tarifa.com","","LOCAL","2026-03-23 20:13:32.95091+01","Tarifa","Spain",NULL
1709,"Fletcher Blevins","fletcher.blevins@tarifa.com","","LOCAL","2026-03-23 20:12:27.435111+01","Tarifa","Spain",NULL
1710,"Anya Burch","anya.burch@tarifa.com","","LOCAL","2026-03-23 20:10:52.927778+01","Tarifa","Spain",NULL
1711,"Lilly Murillo","lilly.murillo@tarifa.com","","LOCAL","2026-03-23 20:09:45.107127+01","Tarifa","Spain",NULL
1712,"Emilee Haas","emilee.haas@tarifa.com","","LOCAL","2026-03-23 20:07:51.966602+01","Tarifa","Spain",NULL
1713,"Matteo Chambers","matteo.chambers@tarifa.com","","LOCAL","2026-03-23 20:06:45.247365+01","Tarifa","Spain",NULL
1714,"Jayda Joseph","jayda.joseph@tarifa.com","","LOCAL","2026-03-23 20:05:37.083207+01","Tarifa","Spain",NULL
1715,"Sarai Moon","sarai.moon@tarifa.com","","LOCAL","2026-03-23 20:04:34.751374+01","Tarifa","Spain",NULL
1743,"Olalla Pereyra","olalla.pereyra@tarifa.com","","LOCAL","2026-03-26 21:10:46.879364+01","Tarifa","Spain",NULL
1906,"Kristýna Pospíšilová","kristyna.pospisilova@example.cz","+420721000013","LOCALE","2026-04-06 20:08:36.945413+02","Tarifa","Spain",NULL
1907,"Barbora Háková","barbora.hakova@example.cz","+420721000014","LOCALE","2026-04-06 20:08:36.945413+02","Tarifa","Spain",NULL
1922,"Gabriela Kopecká","gabriela.kopecka@example.cz","+420721000029","LOCALE","2026-04-06 20:08:36.945413+02","Tarifa","Spain",NULL
1923,"Natálie Musilová","natalie.musilova@example.cz","+420721000030","LOCALE","2026-04-06 20:08:36.945413+02","Tarifa","Spain",NULL
1924,"Aneta Šimková","aneta.simkova@example.cz","+420721000031","LOCALE","2026-04-06 20:08:36.945413+02","Tarifa","Spain",NULL
1925,"Andrea Kadlecová","andrea.kadlecova@example.cz","+420721000032","LOCALE","2026-04-06 20:08:36.945413+02","Tarifa","Spain",NULL
1986,"Matyáš Krejčí","matyas.krejci@example.cz","+420721000093","LOCALE","2026-04-06 20:08:36.945413+02","Tarifa","Spain",NULL
1987,"Aleš Navrátil","ales.navratil@example.cz","+420721000094","LOCALE","2026-04-06 20:08:36.945413+02","Tarifa","Spain",NULL
1989,"Roman Valenta","roman.valenta@example.cz","+420721000096","LOCALE","2026-04-06 20:08:36.945413+02","Tarifa","Spain",NULL
2006,"Maja Michalska","maja.michalska@example.pl","+48600100219","LOCALE","2026-04-06 20:31:20.64126+02","Tarifa","Spain",NULL
2007,"Wiktoria Król","wiktoria.krol@example.pl","+48600100220","LOCALE","2026-04-06 20:31:20.64126+02","Tarifa","Spain",NULL
2023,"Mateusz Jankowski","mateusz.jankowski@example.pl","+48600100236","LOCALE","2026-04-06 20:31:20.64126+02","Tarifa","Spain",NULL
2058,"Patrycja Jasińska","patrycja.jasinska@example.pl","+48600100331","LOCALE","2026-04-06 20:34:13.548704+02","Tarifa","Spain",NULL
2059,"Artur Zawadzki","artur.zawadzki@example.pl","+48600100332","LOCALE","2026-04-06 20:34:13.548704+02","Tarifa","Spain",NULL
2060,"Elżbieta Sadowska","elzbieta.sadowska@example.pl","+48600100333","LOCALE","2026-04-06 20:34:13.548704+02","Tarifa","Spain",NULL
2062,"Monika Jakóbiak","monika.jakobiak@example.pl","+48600100335","LOCALE","2026-04-06 20:34:13.548704+02","Tarifa","Spain",NULL
2090,"Nadia Olsen","nadia.olsen@example.dk","+4520100013","LOCALE","2026-04-06 20:38:58.602682+02","Tarifa","Spain",NULL
2091,"Yasmin Poulsen","yasmin.poulsen@example.dk","+4520100014","LOCALE","2026-04-06 20:38:58.602682+02","Tarifa","Spain",NULL
2099,"Mikkel Pedersen","mikkel.pedersen@example.dk","+4520100022","LOCALE","2026-04-06 20:38:58.602682+02","Tarifa","Spain",NULL
3048,"Ronny Seidel","ronny.seidel@example.de","+491513000031","LOCAL","2026-04-07 19:37:57.052599+02","Tarifa","Spain",NULL
2214,"Laura Nieminen","laura.nieminen@example.fi","+358401000004","LOCAL","2026-04-07 18:12:13.483683+02","Tarifa","Spain",NULL
2219,"Emma Kantola","emma.kantola@example.fi","+358401000009","LOCAL","2026-04-07 18:12:13.483683+02","Tarifa","Spain",NULL
2223,"Sara Salonen","sara.salonen@example.fi","+358401000013","LOCAL","2026-04-07 18:12:13.483683+02","Tarifa","Spain",NULL
2247,"Caoimhe Byrne","caoimhe.byrne@example.ie","+353831000007","LOCAL","2026-04-07 18:42:06.931436+02","Tarifa","Spain",NULL
2253,"Grainne Lynch","grainne.lynch@example.ie","+353831000013","LOCAL","2026-04-07 18:42:06.931436+02","Tarifa","Spain",NULL
2263,"Liam O'Sullivan","liam.osullivan@example.ie","+353831000023","LOCAL","2026-04-07 18:42:06.931436+02","Tarifa","Spain",NULL
2267,"Cillian O'Neill","cillian.oneill@example.ie","+353831000027","LOCAL","2026-04-07 18:42:06.931436+02","Tarifa","Spain",NULL
2282,"Eva Gunnarsdóttir","eva.gunnarsdottir@example.is","+3545100012","LOCAL","2026-04-07 18:45:20.56457+02","Tarifa","Spain",NULL
2286,"Emilia Kowalska","emilia.kowalska@example.is","+3545100016","LOCAL","2026-04-07 18:45:20.56457+02","Tarifa","Spain",NULL
2294,"Magnús Ólafsson","magnus.olafsson@example.is","+3545100024","LOCAL","2026-04-07 18:45:20.56457+02","Tarifa","Spain",NULL
2299,"Jakub Novak","jakub.novak@example.is","+3545100029","LOCAL","2026-04-07 18:45:20.56457+02","Tarifa","Spain",NULL
2310,"Ailsa Graham","ailsa.graham@example.co.uk","+441383100010","LOCAL","2026-04-07 18:48:56.004103+02","Tarifa","Spain",NULL
2314,"Chloe Miller","chloe.miller@example.co.uk","+441506100014","LOCAL","2026-04-07 18:48:56.004103+02","Tarifa","Spain",NULL
2323,"Ewan Stewart","ewan.stewart@example.co.uk","+441738100023","LOCAL","2026-04-07 18:48:56.004103+02","Tarifa","Spain",NULL
2330,"Jakub Nowak","jakub.nowak@example.co.uk","+441311000030","LOCAL","2026-04-07 18:48:56.004103+02","Tarifa","Spain",NULL
2335,"Elin Thomas","elin.thomas@example.co.uk","+441248100005","LOCAL","2026-04-07 18:52:26.081434+02","Tarifa","Spain",NULL
2345,"Elena Popa","elena.popa@example.co.uk","+442920100015","LOCAL","2026-04-07 18:52:26.081434+02","Tarifa","Spain",NULL
2350,"Rhys Williams","rhys.williams@example.co.uk","+441792100020","LOCAL","2026-04-07 18:52:26.081434+02","Tarifa","Spain",NULL
2358,"Dylan Morgan","dylan.morgan@example.co.uk","+441874100028","LOCAL","2026-04-07 18:52:26.081434+02","Tarifa","Spain",NULL
2369,"Tjaša Golob","tjasa.golob@example.si","+38641102408","LOCAL","2026-04-07 18:57:22.894622+02","Tarifa","Spain",NULL
2370,"Lucija Golob","lucija.golob@example.si","+38641100009","LOCAL","2026-04-07 18:57:22.894622+02","Tarifa","Spain",NULL
2372,"Nika Božič","nika.bozic@example.si","+38641100011","LOCAL","2026-04-07 18:57:22.894622+02","Tarifa","Spain",NULL
2375,"Mariya Shevchenko","mariya.shevchenko@example.si","+38641100014","LOCAL","2026-04-07 18:57:22.894622+02","Tarifa","Spain",NULL
2381,"Jan Horvat","jan.horvat@example.si","+38641100020","LOCAL","2026-04-07 18:57:22.894622+02","Tarifa","Spain",NULL
2386,"Matej Kos","matej.kos@example.si","+38641100025","LOCAL","2026-04-07 18:57:22.894622+02","Tarifa","Spain",NULL
2389,"Dragan Savić","dragan.savic@example.si","+38641100028","LOCAL","2026-04-07 18:57:22.894622+02","Tarifa","Spain",NULL
2687,"Elke Köhler","elke.koehler@example.de","+491512000076","LOCAL","2026-04-07 19:21:28.411395+02","Tarifa","Spain",NULL
2397,"Katarína Molnárová","katarina.molnarova@example.sk","+421901000006","LOCAL","2026-04-07 19:02:08.283669+02","Tarifa","Spain",NULL
2408,"Ivana Gregušová","ivana.gregusova@example.sk","+421901000017","LOCAL","2026-04-07 19:02:08.283669+02","Tarifa","Spain",NULL
2416,"Ladislav Szabó","ladislav.szabo@example.sk","+421901000025","LOCAL","2026-04-07 19:02:08.283669+02","Tarifa","Spain",NULL
2419,"Oleksandr Bondarenko","oleksandr.bondarenko@example.sk","+421901000028","LOCAL","2026-04-07 19:02:08.283669+02","Tarifa","Spain",NULL
2454,"Petra Szabó","petra.szabo@example.hu","+3662100003","LOCAL","2026-04-07 19:08:00.434874+02","Tarifa","Spain",NULL
2459,"Dorottya Molnár","dorottya.molnar@example.hu","+3676100008","LOCAL","2026-04-07 19:08:00.434874+02","Tarifa","Spain",NULL
2469,"Barbara Székely","barbara.szekely@example.hu","+3646100018","LOCAL","2026-04-07 19:08:00.434874+02","Tarifa","Spain",NULL
2473,"Dániel Tóth","daniel.toth@example.hu","+3676100022","LOCAL","2026-04-07 19:08:00.434874+02","Tarifa","Spain",NULL
2479,"Oleksandr Bondarenko","oleksandr.bondarenko@example.hu","+3652100028","LOCAL","2026-04-07 19:08:00.434874+02","Tarifa","Spain",NULL
2491,"Despoina Athanasiou","despoina.athanasiou@example.gr","+302721010010","LOCAL","2026-04-07 19:11:29.53605+02","Tarifa","Spain",NULL
2495,"Artemis Galani","artemis.galani@example.gr","+302101000014","LOCAL","2026-04-07 19:11:29.53605+02","Tarifa","Spain",NULL
2503,"Ioannis Nikolau","ioannis.nikolau@example.gr","+302810100022","LOCAL","2026-04-07 19:11:29.53605+02","Tarifa","Spain",NULL
2507,"Panagiotis Makris","panagiotis.makris@example.gr","+302101000026","LOCAL","2026-04-07 19:11:29.53605+02","Tarifa","Spain",NULL
2557,"Sarah Ludwig","sarah.ludwig@example.de","+491511000046","LOCAL","2026-04-07 19:16:06.791823+02","Tarifa","Spain",NULL
2574,"Tom Sauer","tom.sauer@example.de","+491511000063","LOCAL","2026-04-07 19:16:06.791823+02","Tarifa","Spain",NULL
2592,"Leonard Krämer","leonard.kraemer@example.de","+491511000081","LOCAL","2026-04-07 19:16:06.791823+02","Tarifa","Spain",NULL
2601,"Tessa Binder","tessa.binder@example.de","+491511000090","LOCAL","2026-04-07 19:16:06.791823+02","Tarifa","Spain",NULL
2602,"Benno Schramm","benno.schramm@example.de","+491511000091","LOCAL","2026-04-07 19:16:06.791823+02","Tarifa","Spain",NULL
2613,"Ulrike Fischer","ulrike.fischer@example.de","+491512000002","LOCAL","2026-04-07 19:21:28.411395+02","Tarifa","Spain",NULL
2638,"Katja Meier","katja.meier@example.de","+491512000027","LOCAL","2026-04-07 19:21:28.411395+02","Tarifa","Spain",NULL
2652,"Lukas Roth","lukas.roth@example.de","+491512000041","LOCAL","2026-04-07 19:21:28.411395+02","Tarifa","Spain",NULL
2696,"Marcel Merten","marcel.merten@example.de","+491512000085","LOCAL","2026-04-07 19:21:28.411395+02","Tarifa","Spain",NULL
2701,"Petra Löffler","petra.loeffler@example.de","+491512000090","LOCAL","2026-04-07 19:21:28.411395+02","Tarifa","Spain",NULL
2705,"Richard Wunder","richard.wunder@example.de","+491512000094","LOCAL","2026-04-07 19:21:28.411395+02","Tarifa","Spain",NULL
3075,"Leni Scholz","leni.scholz@example.de","+491513000058","LOCAL","2026-04-07 19:37:57.052599+02","Tarifa","Spain",NULL
3106,"Maik Lange","maik.lange@example.de","+491513000089","LOCAL","2026-04-07 19:37:57.052599+02","Tarifa","Spain",NULL
3115,"Enrico Kunze","enrico.kunze@example.de","+491513000098","LOCAL","2026-04-07 19:37:57.052599+02","Tarifa","Spain",NULL
4807,"Manuel García","manuel.garcia@tarifa.es","","LOCAL","2026-04-07 20:10:43.417867+02","Tarifa","Spain",NULL
4808,"Ulrike Richter","ulrike.richterr@tarifa.es","","LOCAL","2026-04-07 20:10:43.417867+02","Tarifa","Spain",NULL
4809,"Marco Rossi","marco.rossi@tarifa.es","","LOCAL","2026-04-07 20:10:43.417867+02","Tarifa","Spain",NULL
4810,"Lucie Bernard","lucie.bernard@tarifa.es","","LOCAL","2026-04-07 20:10:43.417867+02","Tarifa","Spain",NULL
4811,"James Smith","james.smith@tarifa.es","","LOCAL","2026-04-07 20:10:43.417867+02","Tarifa","Spain",NULL
4812,"Sina O'Connor","sina.oconnor@tarifa.es","","LOCAL","2026-04-07 20:10:43.417867+02","Tarifa","Spain",NULL
4813,"Urs Widmer","urs.widmer@tarifa.es","","LOCAL","2026-04-07 20:10:43.417867+02","Tarifa","Spain",NULL
4814,"Rocío Jiménez","rocio.jimenez@tarifa.es","","LOCAL","2026-04-07 20:10:43.417867+02","Tarifa","Spain",NULL
4815,"Anke Schmidt","anke.schmidt@tarifa.es","","LOCAL","2026-04-07 20:10:43.417867+02","Tarifa","Spain",NULL
4816,"Giulia Bianchi","giulia.bianchi@tarifa.es","","LOCAL","2026-04-07 20:10:43.417867+02","Tarifa","Spain",NULL
4817,"Jean Dupont","jean.dupont@tarifa.es","","LOCAL","2026-04-07 20:10:43.417867+02","Tarifa","Spain",NULL
4818,"Oliver Brown","oliver.brown@tarifa.es","","LOCAL","2026-04-07 20:10:43.417867+02","Tarifa","Spain",NULL
4819,"Liam Murphy","liam.murphy@tarifa.es","","LOCAL","2026-04-07 20:10:43.417867+02","Tarifa","Spain",NULL
4820,"Heidi Weber","heidi.weber@tarifa.es","","LOCAL","2026-04-07 20:10:43.417867+02","Tarifa","Spain",NULL
4821,"Tiago Silva","tiago.silva@tarifa.es","","LOCAL","2026-04-07 20:10:43.417867+02","Tarifa","Spain",NULL
4822,"Pieter Janssens","pieter.janssens@tarifa.es","","LOCAL","2026-04-07 20:10:43.417867+02","Tarifa","Spain",NULL
4823,"Carmen Ortiz","carmen.ortiz@tarifa.es","","LOCAL","2026-04-07 20:10:43.417867+02","Tarifa","Spain",NULL
4824,"Thea Beck","thea.beck@tarifa.es","","LOCAL","2026-04-07 20:10:43.417867+02","Tarifa","Spain",NULL
4825,"Alessandra Esposito","alessandra.esposito@tarifa.es","","LOCAL","2026-04-07 20:10:43.417867+02","Tarifa","Spain",NULL
4826,"Guillaume Leroy","guillaume.leroy@tarifa.es","","LOCAL","2026-04-07 20:10:43.417867+02","Tarifa","Spain",NULL
4827,"Charlotte Taylor","charlotte.taylor@tarifa.es","","LOCAL","2026-04-07 20:10:43.417867+02","Tarifa","Spain",NULL
4828,"Aoife Walsh","aoife.walsh@tarifa.es","","LOCAL","2026-04-07 20:10:43.417867+02","Tarifa","Spain",NULL
4829,"Lukas Steiner","lukas.steiner@tarifa.es","","LOCAL","2026-04-07 20:10:43.417867+02","Tarifa","Spain",NULL
4830,"Alejandro Ruiz","alejandro.ruiz@tarifa.es","","LOCAL","2026-04-07 20:10:43.417867+02","Tarifa","Spain",NULL
4832,"Luca Ferrari","luca.ferrari@tarifa.es","","LOCAL","2026-04-07 20:10:43.417867+02","Tarifa","Spain",NULL
4833,"Amélie Petit","amelie.petit@tarifa.es","","LOCAL","2026-04-07 20:10:43.417867+02","Tarifa","Spain",NULL
4834,"William Wilson","william.wilson@tarifa.es","","LOCAL","2026-04-07 20:10:43.417867+02","Tarifa","Spain",NULL
4835,"Colin O'Brien","colin.obrien@tarifa.es","","LOCAL","2026-04-07 20:10:43.417867+02","Tarifa","Spain",NULL
4836,"Marc Keller","marc.keller@tarifa.es","","LOCAL","2026-04-07 20:10:43.417867+02","Tarifa","Spain",NULL
4837,"Jordi Molins","jordi.molins@tarifa.es","","LOCAL","2026-04-07 20:10:43.417867+02","Tarifa","Spain",NULL
4838,"Ulrike Fischer","ulrike.fischer@tarifa.es","","LOCAL","2026-04-07 20:10:43.417867+02","Tarifa","Spain",NULL
4839,"Francesca Romano","francesca.romano@tarifa.es","","LOCAL","2026-04-07 20:10:43.417867+02","Tarifa","Spain",NULL
4840,"Benoît Morel","benoit.morel@tarifa.es","","LOCAL","2026-04-07 20:10:43.417867+02","Tarifa","Spain",NULL
4841,"Emily Davies","emily.davies@tarifa.es","","LOCAL","2026-04-07 20:10:43.417867+02","Tarifa","Spain",NULL
4842,"Roisin Kelly","roisin.kelly@tarifa.es","","LOCAL","2026-04-07 20:10:43.417867+02","Tarifa","Spain",NULL
4843,"Andreas Huber","andreas.huber@tarifa.es","","LOCAL","2026-04-07 20:10:43.417867+02","Tarifa","Spain",NULL
4844,"Beatriz Soto","beatriz.soto@tarifa.es","","LOCAL","2026-04-07 20:10:43.417867+02","Tarifa","Spain",NULL
4845,"Ronny Lehmann","ronny.lehmann@tarifa.es","","LOCAL","2026-04-07 20:10:43.417867+02","Tarifa","Spain",NULL
4846,"Matteo Colombo","matteo.colombo@tarifa.es","","LOCAL","2026-04-07 20:10:43.417867+02","Tarifa","Spain",NULL
4847,"Sophie Girard","sophie.girard@tarifa.es","","LOCAL","2026-04-07 20:10:43.417867+02","Tarifa","Spain",NULL
4848,"Thomas Wright","thomas.wright@tarifa.es","","LOCAL","2026-04-07 20:10:43.417867+02","Tarifa","Spain",NULL
4849,"Patrick Byrne","patrick.byrne@tarifa.es","","LOCAL","2026-04-07 20:10:43.417867+02","Tarifa","Spain",NULL
4850,"Fabienne Favre","fabienne.favre@tarifa.es","","LOCAL","2026-04-07 20:10:43.417867+02","Tarifa","Spain",NULL
4851,"Lars Nielsen","lars.nielsen@tarifa.es","","LOCAL","2026-04-07 20:10:43.417867+02","Tarifa","Spain",NULL
4852,"Isabel Díaz","isabel.diaz@tarifa.es","","LOCAL","2026-04-07 20:10:43.417867+02","Tarifa","Spain",NULL
4853,"Christiane Hoffmann","christiane.hoffmann@tarifa.es","","LOCAL","2026-04-07 20:10:43.417867+02","Tarifa","Spain",NULL
4854,"Paolo Ricci","paolo.ricci@tarifa.es","","LOCAL","2026-04-07 20:10:43.417867+02","Tarifa","Spain",NULL
4855,"Nicolas Bonnet","nicolas.bonnet@tarifa.es","","LOCAL","2026-04-07 20:10:43.417867+02","Tarifa","Spain",NULL
4856,"Jessica Jones","jessica.jones@tarifa.es","","LOCAL","2026-04-07 20:10:43.417867+02","Tarifa","Spain",NULL
30,"Henry Brainwood","oxford@example.com","","LOCAL","2026-03-03 22:19:55.847503+01","Tarifa","Spain","OxfordThinker"
67,"Jessica Malibu","californiadreamer@example.com","","LOCAL","2026-03-03 22:19:55.872321+01","Tarifa","Spain","CaliforniaDreamer"
4857,"Siobhan Ryan","siobhan.ryan@tarifa.es","","LOCAL","2026-04-07 20:10:43.417867+02","Tarifa","Spain",NULL
4858,"Klaus Brunner","klaus.brunner@tarifa.es","","LOCAL","2026-04-07 20:10:43.417867+02","Tarifa","Spain",NULL
4859,"Milosz Nowak","milosz.nowak@tarifa.es","","LOCAL","2026-04-07 20:10:43.417867+02","Tarifa","Spain",NULL
4860,"Lucía Fernández","lucia.fernandez@tarifa.es","","LOCAL","2026-04-07 20:10:43.417867+02","Tarifa","Spain",NULL
4861,"Peggy Neumann","peggy.neumann@tarifa.es","","LOCAL","2026-04-07 20:10:43.417867+02","Tarifa","Spain",NULL
4862,"Valentina Marino","valentina.marino@tarifa.es","","LOCAL","2026-04-07 20:10:43.417867+02","Tarifa","Spain",NULL
4863,"Pierre Fournier","pierre.fournier@tarifa.es","","LOCAL","2026-04-07 20:10:43.417867+02","Tarifa","Spain",NULL
4864,"George Thompson","george.thompson@tarifa.es","","LOCAL","2026-04-07 20:10:43.417867+02","Tarifa","Spain",NULL
4865,"Ciara McCarthy","ciara.mccarthy@tarifa.es","","LOCAL","2026-04-07 20:10:43.417867+02","Tarifa","Spain",NULL
4866,"Petra Marti","petra.marti@tarifa.es","","LOCAL","2026-04-07 20:10:43.417867+02","Tarifa","Spain",NULL
4867,"Marta Muñoz","marta.munoz@tarifa.es","","LOCAL","2026-04-07 20:10:43.417867+02","Tarifa","Spain",NULL
4868,"Enrico Voigt","enrico.voigt@tarifa.es","","LOCAL","2026-04-07 20:10:43.417867+02","Tarifa","Spain",NULL
4869,"Domenico Greco","domenico.greco@tarifa.es","","LOCAL","2026-04-07 20:10:43.417867+02","Tarifa","Spain",NULL
4871,"Harry Johnson","harry.johnson@tarifa.es","","LOCAL","2026-04-07 20:10:43.417867+02","Tarifa","Spain",NULL
4872,"Darragh Quinn","darragh.quinn@tarifa.es","","LOCAL","2026-04-07 20:10:43.417867+02","Tarifa","Spain",NULL
4873,"Sabine Egger","sabine.egger@tarifa.es","","LOCAL","2026-04-07 20:10:43.417867+02","Tarifa","Spain",NULL
4874,"Joao Pereira","joao.pereira@tarifa.es","","LOCAL","2026-04-07 20:10:43.417867+02","Tarifa","Spain",NULL
4875,"Inmaculada Romero","inma.romero@tarifa.es","","LOCAL","2026-04-07 20:10:43.417867+02","Tarifa","Spain",NULL
4876,"Jana Wagner","jana.wagner@tarifa.es","","LOCAL","2026-04-07 20:10:43.417867+02","Tarifa","Spain",NULL
4877,"Stefano Bruno","stefano.bruno@tarifa.es","","LOCAL","2026-04-07 20:10:43.417867+02","Tarifa","Spain",NULL
4878,"Elodie Roussel","elodie.roussel@tarifa.es","","LOCAL","2026-04-07 20:10:43.417867+02","Tarifa","Spain",NULL
4879,"Jack Roberts","jack.roberts@tarifa.es","","LOCAL","2026-04-07 20:10:43.417867+02","Tarifa","Spain",NULL
4880,"Fionnuala Kennedy","fionnuala.kennedy@tarifa.es","","LOCAL","2026-04-07 20:10:43.417867+02","Tarifa","Spain",NULL
4881,"Reto Schmid","reto.schmid@tarifa.es","","LOCAL","2026-04-07 20:10:43.417867+02","Tarifa","Spain",NULL
4882,"Dimitra Makri","dimitra.makri@tarifa.es","","LOCAL","2026-04-07 20:10:43.417867+02","Tarifa","Spain",NULL
4883,"Oscar Ramirez","oscar.ramirez@tarifa.es","","LOCAL","2026-04-07 20:10:43.417867+02","Tarifa","Spain",NULL
4884,"Cindy Schulz","cindy.schulz@tarifa.es","","LOCAL","2026-04-07 20:10:43.417867+02","Tarifa","Spain",NULL
4885,"Simona Conti","simona.conti@tarifa.es","","LOCAL","2026-04-07 20:10:43.417867+02","Tarifa","Spain",NULL
4886,"Julien Blanc","julien.blanc@tarifa.es","","LOCAL","2026-04-07 20:10:43.417867+02","Tarifa","Spain",NULL
4887,"Lily Evans","lily.evans@tarifa.es","","LOCAL","2026-04-07 20:10:43.417867+02","Tarifa","Spain",NULL
4888,"Enda Fitzgerald","enda.fitzgerald@tarifa.es","","LOCAL","2026-04-07 20:10:43.417867+02","Tarifa","Spain",NULL
4889,"Monika Lustenberger","monika.lustenberger@tarifa.es","","LOCAL","2026-04-07 20:10:43.417867+02","Tarifa","Spain",NULL
4890,"Laszlo Nagy","laszlo.nagy@tarifa.es","","LOCAL","2026-04-07 20:10:43.417867+02","Tarifa","Spain",NULL
4891,"Pilar Pardo","pilar.pardo@tarifa.es","","LOCAL","2026-04-07 20:10:43.417867+02","Tarifa","Spain",NULL
4892,"Thorsten Möller","thorsten.moeller@tarifa.es","","LOCAL","2026-04-07 20:10:43.417867+02","Tarifa","Spain",NULL
4893,"Fabio De Luca","fabio.deluca@tarifa.es","","LOCAL","2026-04-07 20:10:43.417867+02","Tarifa","Spain",NULL
4894,"Marine Chevalier","marine.chevalier@tarifa.es","","LOCAL","2026-04-07 20:10:43.417867+02","Tarifa","Spain",NULL
4895,"Arthur King","arthur.king@tarifa.es","","LOCAL","2026-04-07 20:10:43.417867+02","Tarifa","Spain",NULL
4896,"Eoin Moran","eoin.moran@tarifa.es","","LOCAL","2026-04-07 20:10:43.417867+02","Tarifa","Spain",NULL
4897,"Dominique Gygax","dominique.gygax@tarifa.es","","LOCAL","2026-04-07 20:10:43.417867+02","Tarifa","Spain",NULL
4898,"Jan Horvat","jan.horvat@tarifa.es","","LOCAL","2026-04-07 20:10:43.417867+02","Tarifa","Spain",NULL
4899,"Álvaro Pérez","alvaro.perez@tarifa.es","","LOCAL","2026-04-07 20:10:43.417867+02","Tarifa","Spain",NULL
4901,"Chiara Galli","chiara.galli@tarifa.es","","LOCAL","2026-04-07 20:10:43.417867+02","Tarifa","Spain",NULL
4902,"Thierry Dubois","thierry.dubois@tarifa.es","","LOCAL","2026-04-07 20:10:43.417867+02","Tarifa","Spain",NULL
4903,"Poppy Harrison","poppy.harrison@tarifa.es","","LOCAL","2026-04-07 20:10:43.417867+02","Tarifa","Spain",NULL
4904,"Cathal Sheehan","cathal.sheehan@tarifa.es","","LOCAL","2026-04-07 20:10:43.417867+02","Tarifa","Spain",NULL
4905,"Yasmine Rochat","yasmine.rochat@tarifa.es","","LOCAL","2026-04-07 20:10:43.417867+02","Tarifa","Spain",NULL
4906,"Arvid Larsson","arvid.larsson@tarifa.es","","LOCAL","2026-04-07 20:10:43.417867+02","Tarifa","Spain",NULL
216,"Clara Hoffmann","dresdendreamer@example.com","","LOCAL","2026-03-03 22:19:55.955676+01","Tarifa","Spain","DresdenDreamer"
263,"Hina Matsumoto","mountfujifan@example.com","","LOCAL","2026-03-03 22:19:55.981013+01","Tarifa","Spain","MountFujiFan"
337,"Guillaume Fournier","normandysunset@example.com","","LOCAL","2026-03-03 22:19:56.020775+01","Tarifa","Spain","NormandySunset"
455,"Elin Håkansson","auroranomad@example.com","","LOCAL","2026-03-03 22:19:56.083824+01","Tarifa","Spain","AuroraNomad"
1340,"Tom Hanks","tom@hollywoodmail.com","","LOCAL","2026-03-03 22:19:56.569773+01","Tarifa","Spain","TomHanks"
1706,"Leyla Weiss","leyla.weiss@tarifa.com","","LOCAL","2026-03-23 20:16:26.37359+01","Tarifa","Spain",NULL
4831,"Ingrid Schneider","ingrid.schneider@tarifa.es","","LOCAL","2026-04-07 20:10:43.417867+02","Tarifa","Spain",NULL
4870,"Camille Lambert","camille.lambert@tarifa.es","","LOCAL","2026-04-07 20:10:43.417867+02","Tarifa","Spain",NULL
4900,"Auguste Löffler","auguste.loeffler@tarifa.es","","LOCAL","2026-04-07 20:10:43.417867+02","Tarifa","Spain",NULL
