old_id,date,time
54,2026-03-04,09:00
55,2026-03-05,09:00
56,2026-03-06,09:00
58,2026-03-09,09:00
59,2026-03-10,09:00
60,2026-03-11,09:00
61,2026-03-12,09:00
62,2026-03-13,09:00
63,2026-03-14,09:00
64,2026-03-16,09:00
65,2026-03-17,09:00
66,2026-03-18,09:00
67,2026-03-19,09:00
68,2026-03-20,09:00
69,2026-03-21,09:00
70,2026-03-23,09:00
71,2026-03-24,09:00
72,2026-03-25,09:00
73,2026-03-26,09:00
74,2026-03-27,09:00
75,2026-03-28,09:00
76,2026-03-30,09:00
77,2026-03-31,09:00
78,2026-04-01,09:00
79,2026-04-02,09:00
80,2026-04-03,09:00
81,2026-04-04,09:00
82,2026-04-06,09:00
83,2026-04-07,09:00
84,2026-04-08,09:00
85,2026-04-09,09:00
86,2026-04-10,09:00
87,2026-04-11,09:00
88,2026-04-13,09:00
89,2026-04-14,09:00
90,2026-04-15,09:00
91,2026-04-16,09:00
92,2026-04-17,09:00
93,2026-04-18,09:00
94,2026-04-20,09:00
95,2026-04-21,09:00
96,2026-04-22,09:00
97,2026-04-23,09:00
98,2026-04-24,09:00
99,2026-04-25,09:00
100,2026-04-27,09:00
101,2026-04-28,09:00
102,2026-04-29,09:00
103,2026-04-30,09:00
104,2026-05-01,09:00
105,2026-05-02,09:00
106,2026-05-04,09:00
107,2026-05-05,09:00
108,2026-05-06,09:00
109,2026-05-07,09:00
110,2026-05-08,09:00
111,2026-05-09,09:00
112,2026-05-11,09:00
113,2026-05-12,09:00
114,2026-05-13,09:00
115,2026-05-14,09:00
116,2026-05-15,09:00
117,2026-05-16,09:00
118,2026-05-18,09:00
119,2026-05-19,09:00
120,2026-05-20,09:00
57,2026-03-07,09:00
121,2026-05-21,09:00
122,2026-05-22,09:00
123,2026-05-23,09:00
124,2026-05-25,09:00
125,2026-05-26,09:00
126,2026-05-27,09:00
127,2026-05-28,09:00
128,2026-05-29,09:00
129,2026-05-30,09:00
130,2026-06-01,09:00
131,2026-06-02,09:00
132,2026-06-03,09:00
133,2026-06-04,09:00
134,2026-06-05,09:00
135,2026-06-06,09:00
136,2026-06-08,09:00
137,2026-06-09,09:00
138,2026-06-10,09:00
139,2026-06-11,09:00
140,2026-06-12,09:00
141,2026-06-13,09:00
142,2026-06-15,09:00
143,2026-06-16,09:00
144,2026-06-17,09:00
145,2026-06-18,09:00
146,2026-06-19,09:00
147,2026-06-20,09:00
148,2026-06-22,09:00
149,2026-06-23,09:00
150,2026-06-24,09:00
151,2026-06-25,09:00
152,2026-06-26,09:00
153,2026-06-27,09:00
154,2026-06-29,09:00
155,2026-06-30,09:00
156,2026-07-01,09:00
157,2026-07-02,09:00
158,2026-07-03,09:00
159,2026-07-04,09:00
160,2026-07-06,09:00
161,2026-07-07,09:00
162,2026-07-08,09:00
163,2026-07-09,09:00
164,2026-07-10,09:00
165,2026-07-11,09:00
166,2026-07-13,09:00
167,2026-07-14,09:00
168,2026-07-15,09:00
169,2026-07-16,09:00
170,2026-07-17,09:00
171,2026-07-18,09:00
172,2026-07-20,09:00
173,2026-07-21,09:00
174,2026-07-22,09:00
175,2026-07-23,09:00
176,2026-07-24,09:00
177,2026-07-25,09:00
178,2026-07-27,09:00
179,2026-07-28,09:00
180,2026-07-29,09:00
181,2026-07-30,09:00
182,2026-07-31,09:00
183,2026-08-01,09:00
184,2026-08-03,09:00
185,2026-08-04,09:00
186,2026-08-05,09:00
187,2026-08-06,09:00
188,2026-08-07,09:00
189,2026-08-08,09:00
190,2026-08-10,09:00
191,2026-08-11,09:00
192,2026-08-12,09:00
193,2026-08-13,09:00
194,2026-08-14,09:00
195,2026-08-15,09:00
196,2026-08-17,09:00
197,2026-08-18,09:00
198,2026-08-19,09:00
199,2026-08-20,09:00
200,2026-08-21,09:00
201,2026-08-22,09:00
202,2026-08-24,09:00
203,2026-08-25,09:00
204,2026-08-26,09:00
205,2026-08-27,09:00
206,2026-08-28,09:00
207,2026-08-29,09:00
208,2026-08-31,09:00
209,2026-09-01,09:00
210,2026-09-02,09:00
211,2026-09-03,09:00
212,2026-09-04,09:00
213,2026-09-05,09:00
214,2026-09-07,09:00
215,2026-09-08,09:00
216,2026-09-09,09:00
217,2026-09-10,09:00
218,2026-09-11,09:00
219,2026-09-12,09:00
220,2026-09-14,09:00
221,2026-09-15,09:00
222,2026-09-16,09:00
223,2026-09-17,09:00
224,2026-09-18,09:00
225,2026-09-19,09:00
226,2026-09-21,09:00
227,2026-09-22,09:00
228,2026-09-23,09:00
229,2026-09-24,09:00
230,2026-09-25,09:00
231,2026-09-26,09:00
232,2026-09-28,09:00
233,2026-09-29,09:00
234,2026-09-30,09:00
235,2026-10-01,09:00
236,2026-10-02,09:00
237,2026-10-03,09:00
238,2026-10-05,09:00
239,2026-10-06,09:00
240,2026-10-07,09:00
241,2026-10-08,09:00
242,2026-10-09,09:00
243,2026-10-10,09:00
244,2026-10-12,09:00
245,2026-10-13,09:00
246,2026-10-14,09:00
247,2026-10-15,09:00
248,2026-10-16,09:00
249,2026-10-17,09:00
250,2026-10-19,09:00
251,2026-10-20,09:00
252,2026-10-21,09:00
253,2026-10-22,09:00
254,2026-10-23,09:00
255,2026-10-24,09:00
256,2026-10-26,09:00
257,2026-10-27,09:00
258,2026-10-28,09:00
259,2026-10-29,09:00
260,2026-10-30,09:00
261,2026-10-31,09:00
262,2026-11-02,09:00
263,2026-11-03,09:00
264,2026-11-04,09:00
265,2026-11-05,09:00
266,2026-11-06,09:00
267,2026-11-07,09:00
268,2026-11-09,09:00
269,2026-11-10,09:00
270,2026-11-11,09:00
271,2026-11-12,09:00
272,2026-11-13,09:00
273,2026-11-14,09:00
274,2026-11-16,09:00
275,2026-11-17,09:00
276,2026-11-18,09:00
277,2026-11-19,09:00
278,2026-11-20,09:00
279,2026-11-21,09:00
280,2026-11-23,09:00
281,2026-11-24,09:00
282,2026-11-25,09:00
283,2026-11-26,09:00
284,2026-11-27,09:00
285,2026-11-28,09:00
286,2026-11-30,09:00
287,2026-12-01,09:00
288,2026-12-02,09:00
289,2026-12-03,09:00
290,2026-12-04,09:00
291,2026-12-05,09:00
292,2026-12-07,09:00
293,2026-12-08,09:00
294,2026-12-09,09:00
295,2026-12-10,09:00
296,2026-12-11,09:00
297,2026-12-12,09:00
298,2026-12-14,09:00
299,2026-12-15,09:00
300,2026-12-16,09:00
301,2026-12-17,09:00
302,2026-12-18,09:00
303,2026-12-19,09:00
304,2026-12-21,09:00
305,2026-12-22,09:00
306,2026-12-23,09:00
307,2026-12-24,09:00
308,2026-12-25,09:00
309,2026-12-26,09:00
310,2026-12-28,09:00
311,2026-12-29,09:00
312,2026-12-30,09:00
313,2026-12-31,09:00
314,2026-03-06,18:00
315,2026-03-12,18:00
316,2026-03-21,18:00
